file,class,method,constructor,line,cbo,cboModified,fanin,fanout,wmc,rfc,loc,returnsQty,variablesQty,parametersQty,methodsInvokedQty,methodsInvokedLocalQty,methodsInvokedIndirectLocalQty,loopQty,comparisonsQty,tryCatchQty,parenthesizedExpsQty,stringLiteralsQty,numbersQty,assignmentsQty,mathOperationsQty,maxNestedBlocksQty,anonymousClassesQty,innerClassesQty,lambdasQty,uniqueWordsQty,modifiers,logStatementsQty,hasJavaDoc
C:\ChatApplication\Ns_Abbani_Chat_App\app\src\main\java\com\example\nsabbani\services\repository\FirebaseSignUpInstance.java,com.example.nsabbani.services.repository.FirebaseSignUpInstance,"signInUser/3[java.lang.String,java.lang.String,java.lang.String]",false,19,3,1,1,0,1,2,12,1,1,3,2,0,0,0,0,0,0,0,0,1,0,0,1,0,0,10,1,0,false
C:\ChatApplication\Ns_Abbani_Chat_App\app\src\main\java\com\example\nsabbani\view\ui\ForgetPasswordActivity.java,com.example.nsabbani.view.ui.ForgetPasswordActivity,onCreate/1[com.example.nsabbani.view.ui.Bundle],false,30,2,2,0,2,1,4,6,0,0,1,4,2,1,0,0,0,0,0,0,0,0,0,0,0,0,11,4,0,false
C:\ChatApplication\Ns_Abbani_Chat_App\app\src\main\java\com\example\nsabbani\view\ui\ForgetPasswordActivity.java,com.example.nsabbani.view.ui.ForgetPasswordActivity,dismissKeyboard/0,false,81,1,0,0,0,2,5,5,0,1,0,5,0,0,0,1,0,0,0,1,1,0,0,0,0,0,12,1,0,false
C:\ChatApplication\Ns_Abbani_Chat_App\app\src\main\java\com\example\nsabbani\view\ui\ForgetPasswordActivity.java,com.example.nsabbani.view.ui.ForgetPasswordActivity,init/0,false,87,2,1,1,0,1,4,6,0,0,0,4,0,0,0,0,0,0,0,0,4,0,0,0,0,0,19,2,0,false
C:\ChatApplication\Ns_Abbani_Chat_App\app\src\main\java\com\example\nsabbani\view\ui\ForgetPasswordActivity.java,com.example.nsabbani.view.ui.ForgetPasswordActivity,resetPassword/1[java.lang.String],false,61,4,1,0,1,2,13,19,0,3,1,13,0,0,0,0,0,0,2,0,2,0,2,0,0,1,12,2,0,false
C:\ChatApplication\Ns_Abbani_Chat_App\app\src\main\java\com\example\nsabbani\view\ui\ForgetPasswordActivity.java,com.example.nsabbani.view.ui.ForgetPasswordActivity,listeners/0,false,38,2,1,1,0,2,15,20,0,4,0,15,0,0,0,0,0,0,2,2,2,0,2,0,0,2,18,2,0,false
C:\ChatApplication\Ns_Abbani_Chat_App\app\src\main\java\com\example\nsabbani\services\model\Chats.java,com.example.nsabbani.services.model.Chats,setTimestamp/1[java.lang.String],false,60,0,0,0,0,1,0,3,0,0,1,0,0,0,0,0,0,0,0,0,1,0,0,0,0,0,3,1,0,false
C:\ChatApplication\Ns_Abbani_Chat_App\app\src\main\java\com\example\nsabbani\services\model\Chats.java,com.example.nsabbani.services.model.Chats,setSeen/1[boolean],false,27,0,0,0,0,1,0,3,0,0,1,0,0,0,0,0,0,0,0,0,1,0,0,0,0,0,3,1,0,false
C:\ChatApplication\Ns_Abbani_Chat_App\app\src\main\java\com\example\nsabbani\services\model\Chats.java,com.example.nsabbani.services.model.Chats,Chats/0,true,18,0,0,0,0,1,0,2,0,0,0,0,0,0,0,0,0,0,0,0,0,0,0,0,0,0,1,1,0,false
C:\ChatApplication\Ns_Abbani_Chat_App\app\src\main\java\com\example\nsabbani\services\model\Chats.java,com.example.nsabbani.services.model.Chats,getSeen/0,false,23,0,1,1,0,1,0,3,1,0,0,0,0,0,0,0,0,0,0,0,0,0,0,0,0,0,3,1,0,false
C:\ChatApplication\Ns_Abbani_Chat_App\app\src\main\java\com\example\nsabbani\services\model\Chats.java,com.example.nsabbani.services.model.Chats,getReceiverId/0,false,32,0,2,2,0,1,0,3,1,0,0,0,0,0,0,0,0,0,0,0,0,0,0,0,0,0,4,1,0,false
C:\ChatApplication\Ns_Abbani_Chat_App\app\src\main\java\com\example\nsabbani\services\model\Chats.java,com.example.nsabbani.services.model.Chats,getMessage/0,false,48,0,1,1,0,1,0,3,1,0,0,0,0,0,0,0,0,0,0,0,0,0,0,0,0,0,3,1,0,false
C:\ChatApplication\Ns_Abbani_Chat_App\app\src\main\java\com\example\nsabbani\services\model\Chats.java,com.example.nsabbani.services.model.Chats,getSenderId/0,false,40,0,1,1,0,1,0,3,1,0,0,0,0,0,0,0,0,0,0,0,0,0,0,0,0,0,4,1,0,false
C:\ChatApplication\Ns_Abbani_Chat_App\app\src\main\java\com\example\nsabbani\services\model\Chats.java,com.example.nsabbani.services.model.Chats,setSenderId/1[java.lang.String],false,44,0,0,0,0,1,0,3,0,0,1,0,0,0,0,0,0,0,0,0,1,0,0,0,0,0,4,1,0,false
C:\ChatApplication\Ns_Abbani_Chat_App\app\src\main\java\com\example\nsabbani\services\model\Chats.java,com.example.nsabbani.services.model.Chats,setMessage/1[java.lang.String],false,52,0,0,0,0,1,0,3,0,0,1,0,0,0,0,0,0,0,0,0,1,0,0,0,0,0,3,1,0,false
C:\ChatApplication\Ns_Abbani_Chat_App\app\src\main\java\com\example\nsabbani\services\model\Chats.java,com.example.nsabbani.services.model.Chats,"Chats/5[java.lang.String,java.lang.String,java.lang.String,java.lang.String,boolean]",true,10,0,0,0,0,1,0,7,0,0,5,0,0,0,0,0,0,0,0,0,5,0,0,0,0,0,7,1,0,false
C:\ChatApplication\Ns_Abbani_Chat_App\app\src\main\java\com\example\nsabbani\services\model\Chats.java,com.example.nsabbani.services.model.Chats,setReceiverId/1[java.lang.String],false,36,0,0,0,0,1,0,3,0,0,1,0,0,0,0,0,0,0,0,0,1,0,0,0,0,0,4,1,0,false
C:\ChatApplication\Ns_Abbani_Chat_App\app\src\main\java\com\example\nsabbani\services\model\Chats.java,com.example.nsabbani.services.model.Chats,getTimestamp/0,false,56,0,1,1,0,1,0,3,1,0,0,0,0,0,0,0,0,0,0,0,0,0,0,0,0,0,3,1,0,false
C:\ChatApplication\Ns_Abbani_Chat_App\app\src\main\java\com\example\nsabbani\view\adapters\MessageAdapter.java,com.example.nsabbani.view.adapters.MessageAdapter,getItemViewType/1[int],false,104,1,1,0,1,2,3,6,2,0,1,3,0,0,0,0,0,0,0,0,0,0,1,0,0,0,24,1,0,false
C:\ChatApplication\Ns_Abbani_Chat_App\app\src\main\java\com\example\nsabbani\view\adapters\MessageAdapter.java,com.example.nsabbani.view.adapters.MessageAdapter,"onBindViewHolder/2[com.example.nsabbani.view.adapters.MessageAdapter.MessageHolder,int]",false,50,4,4,0,4,3,9,25,0,8,2,9,1,1,0,1,0,0,2,1,8,1,2,0,0,0,21,1,0,false
C:\ChatApplication\Ns_Abbani_Chat_App\app\src\main\java\com\example\nsabbani\view\adapters\MessageAdapter.java,com.example.nsabbani.view.adapters.MessageAdapter,getItemCount/0,false,85,0,0,0,0,1,1,3,1,0,0,1,0,0,0,0,0,0,0,0,0,0,0,0,0,0,3,1,0,false
C:\ChatApplication\Ns_Abbani_Chat_App\app\src\main\java\com\example\nsabbani\view\adapters\MessageAdapter.java,com.example.nsabbani.view.adapters.MessageAdapter,"MessageAdapter/3[java.util.ArrayList<com.example.nsabbani.services.model.Chats>,com.example.nsabbani.view.adapters.Context,java.lang.String]",true,29,2,1,1,0,1,0,5,0,0,3,0,0,0,0,0,0,0,0,0,3,0,0,0,0,0,9,1,0,false
C:\ChatApplication\Ns_Abbani_Chat_App\app\src\main\java\com\example\nsabbani\view\adapters\MessageAdapter.java,com.example.nsabbani.view.adapters.MessageAdapter,"onCreateViewHolder/2[com.example.nsabbani.view.adapters.ViewGroup,int]",false,38,4,1,0,1,2,2,10,2,2,2,2,0,0,0,1,0,0,0,0,2,0,1,0,0,0,23,1,0,false
C:\ChatApplication\Ns_Abbani_Chat_App\app\src\main\java\com\example\nsabbani\view\adapters\MessageAdapter.java,com.example.nsabbani.view.adapters.MessageAdapter,timeStampConversionToTime/1[long],false,75,1,1,1,0,1,3,6,1,2,1,3,0,0,0,0,0,0,3,0,2,0,0,0,0,0,10,1,0,false
C:\ChatApplication\Ns_Abbani_Chat_App\app\src\main\java\com\example\nsabbani\services\repository\FirebaseInstanceDatabase.java,com.example.nsabbani.services.repository.FirebaseInstanceDatabase$Anonymous13,onComplete/1[com.example.nsabbani.services.repository.Task<java.lang.Void>],false,265,2,0,0,0,1,1,3,0,0,1,1,0,0,0,0,0,0,0,0,0,0,0,0,0,0,4,1,0,false
C:\ChatApplication\Ns_Abbani_Chat_App\app\src\main\java\com\example\nsabbani\services\repository\FirebaseInstanceDatabase.java,com.example.nsabbani.services.repository.FirebaseInstanceDatabase$Anonymous12,onFailure/1[java.lang.Exception],false,249,1,0,0,0,1,1,3,0,0,1,1,0,0,0,0,0,0,0,0,0,0,0,0,0,0,5,1,0,false
C:\ChatApplication\Ns_Abbani_Chat_App\app\src\main\java\com\example\nsabbani\services\repository\FirebaseInstanceDatabase.java,com.example.nsabbani.services.repository.FirebaseInstanceDatabase$Anonymous11,onSuccess/1[java.lang.Void],false,244,0,0,0,0,1,1,3,0,0,1,1,0,0,0,0,0,0,0,0,0,0,0,0,0,0,5,1,0,false
C:\ChatApplication\Ns_Abbani_Chat_App\app\src\main\java\com\example\nsabbani\services\repository\FirebaseInstanceDatabase.java,com.example.nsabbani.services.repository.FirebaseInstanceDatabase$Anonymous10,onDataChange/1[com.example.nsabbani.services.repository.DataSnapshot],false,223,2,0,0,0,1,1,3,0,0,1,1,0,0,0,0,0,0,0,0,0,0,0,0,0,0,5,1,0,false
C:\ChatApplication\Ns_Abbani_Chat_App\app\src\main\java\com\example\nsabbani\services\repository\FirebaseInstanceDatabase.java,com.example.nsabbani.services.repository.FirebaseInstanceDatabase$Anonymous10,onCancelled/1[com.example.nsabbani.services.repository.DatabaseError],false,228,2,0,0,0,1,0,2,0,0,1,0,0,0,0,0,0,0,0,0,0,0,0,0,0,0,5,1,0,false
C:\ChatApplication\Ns_Abbani_Chat_App\app\src\main\java\com\example\nsabbani\services\repository\FirebaseInstanceDatabase.java,com.example.nsabbani.services.repository.FirebaseInstanceDatabase$Anonymous17,onComplete/1[com.example.nsabbani.services.repository.Task<java.lang.Void>],false,308,2,0,0,0,1,1,3,0,0,1,1,0,0,0,0,0,0,0,0,0,0,0,0,0,0,4,1,0,false
C:\ChatApplication\Ns_Abbani_Chat_App\app\src\main\java\com\example\nsabbani\services\repository\FirebaseInstanceDatabase.java,com.example.nsabbani.services.repository.FirebaseInstanceDatabase$Anonymous16,onFailure/1[java.lang.Exception],false,293,1,0,0,0,1,1,3,0,0,1,1,0,0,0,0,0,0,0,0,0,0,0,0,0,0,5,1,0,false
C:\ChatApplication\Ns_Abbani_Chat_App\app\src\main\java\com\example\nsabbani\services\repository\FirebaseInstanceDatabase.java,com.example.nsabbani.services.repository.FirebaseInstanceDatabase$Anonymous15,onComplete/1[com.example.nsabbani.services.repository.Task<java.lang.Void>],false,288,2,0,0,0,1,1,3,0,0,1,1,0,0,0,0,0,0,0,0,0,0,0,0,0,0,4,1,0,false
C:\ChatApplication\Ns_Abbani_Chat_App\app\src\main\java\com\example\nsabbani\services\repository\FirebaseInstanceDatabase.java,com.example.nsabbani.services.repository.FirebaseInstanceDatabase$Anonymous14,onFailure/1[java.lang.Exception],false,270,1,0,0,0,1,1,3,0,0,1,1,0,0,0,0,0,0,0,0,0,0,0,0,0,0,5,1,0,false
C:\ChatApplication\Ns_Abbani_Chat_App\app\src\main\java\com\example\nsabbani\services\repository\FirebaseInstanceDatabase.java,com.example.nsabbani.services.repository.FirebaseInstanceDatabase$Anonymous19,onDataChange/1[com.example.nsabbani.services.repository.DataSnapshot],false,331,2,0,0,0,2,4,9,0,0,1,4,0,0,0,0,0,0,0,0,0,0,1,0,0,0,9,1,0,false
C:\ChatApplication\Ns_Abbani_Chat_App\app\src\main\java\com\example\nsabbani\services\repository\FirebaseInstanceDatabase.java,com.example.nsabbani.services.repository.FirebaseInstanceDatabase$Anonymous19,onCancelled/1[com.example.nsabbani.services.repository.DatabaseError],false,341,2,0,0,0,1,1,3,0,0,1,1,0,0,0,0,0,0,0,0,0,0,0,0,0,0,6,1,0,false
C:\ChatApplication\Ns_Abbani_Chat_App\app\src\main\java\com\example\nsabbani\services\repository\FirebaseInstanceDatabase.java,com.example.nsabbani.services.repository.FirebaseInstanceDatabase$Anonymous18,onFailure/1[java.lang.Exception],false,313,1,0,0,0,1,1,3,0,0,1,1,0,0,0,0,0,0,0,0,0,0,0,0,0,0,5,1,0,false
C:\ChatApplication\Ns_Abbani_Chat_App\app\src\main\java\com\example\nsabbani\view\fragments\ProfileFragment.java,com.example.nsabbani.view.fragments.ProfileFragment$Anonymous2,onChanged/1[com.example.nsabbani.view.fragments.StorageReference],false,128,5,0,0,0,1,4,33,0,0,1,4,0,0,0,0,0,0,1,0,2,0,0,3,0,0,25,1,0,false
C:\ChatApplication\Ns_Abbani_Chat_App\app\src\main\java\com\example\nsabbani\view\fragments\ProfileFragment.java,com.example.nsabbani.view.fragments.ProfileFragment$Anonymous1,onChanged/1[com.example.nsabbani.view.fragments.DataSnapshot],false,86,2,8,0,8,3,12,19,0,1,1,12,0,0,0,1,0,0,2,0,4,0,2,0,0,0,18,1,0,false
C:\ChatApplication\Ns_Abbani_Chat_App\app\src\main\java\com\example\nsabbani\view\ui\MessageActivity.java,com.example.nsabbani.view.ui.MessageActivity$Anonymous9,onChanged/1[com.example.nsabbani.view.ui.DatabaseReference],false,258,3,0,0,0,1,3,28,0,1,1,3,0,0,0,0,0,0,0,0,1,0,0,1,0,0,31,1,0,false
C:\ChatApplication\Ns_Abbani_Chat_App\app\src\main\java\com\example\nsabbani\view\ui\MessageActivity.java,com.example.nsabbani.view.ui.MessageActivity$Anonymous7,onChanged/1[java.lang.Boolean],false,229,0,0,0,0,2,2,7,0,0,1,2,0,0,0,0,0,0,1,0,0,0,1,0,0,0,5,1,0,false
C:\ChatApplication\Ns_Abbani_Chat_App\app\src\main\java\com\example\nsabbani\view\fragments\ProfileFragment.java,com.example.nsabbani.view.fragments.ProfileFragment$Anonymous9,onClick/1[com.example.nsabbani.view.fragments.View],false,238,2,3,0,3,1,1,4,0,0,1,1,0,0,0,0,0,0,0,0,1,0,0,0,0,0,10,1,0,false
C:\ChatApplication\Ns_Abbani_Chat_App\app\src\main\java\com\example\nsabbani\view\ui\MessageActivity.java,com.example.nsabbani.view.ui.MessageActivity$Anonymous8,onChanged/1[com.example.nsabbani.view.ui.DataSnapshot],false,242,3,11,0,11,3,3,8,0,1,1,3,0,0,0,1,0,0,0,0,2,0,1,0,0,0,13,1,0,false
C:\ChatApplication\Ns_Abbani_Chat_App\app\src\main\java\com\example\nsabbani\view\fragments\ProfileFragment.java,com.example.nsabbani.view.fragments.ProfileFragment$Anonymous8,onClick/1[com.example.nsabbani.view.fragments.View],false,229,2,3,0,3,1,1,4,0,0,1,1,0,0,0,0,0,0,0,0,1,0,0,0,0,0,10,1,0,false
C:\ChatApplication\Ns_Abbani_Chat_App\app\src\main\java\com\example\nsabbani\view\ui\MessageActivity.java,com.example.nsabbani.view.ui.MessageActivity$Anonymous5,onChanged/1[com.example.nsabbani.view.ui.DataSnapshot],false,181,3,11,0,11,4,6,9,0,1,1,6,0,0,1,1,0,0,0,0,1,0,2,0,0,0,14,1,0,false
C:\ChatApplication\Ns_Abbani_Chat_App\app\src\main\java\com\example\nsabbani\view\fragments\ProfileFragment.java,com.example.nsabbani.view.fragments.ProfileFragment$Anonymous7,onClick/1[com.example.nsabbani.view.fragments.View],false,222,2,3,0,3,1,1,3,0,0,1,1,0,0,0,0,0,0,0,0,0,0,0,0,0,0,6,1,0,false
C:\ChatApplication\Ns_Abbani_Chat_App\app\src\main\java\com\example\nsabbani\view\ui\MessageActivity.java,com.example.nsabbani.view.ui.MessageActivity$Anonymous6,onChanged/1[com.example.nsabbani.view.ui.DataSnapshot],false,205,3,11,0,11,6,8,12,0,1,1,8,0,0,1,1,0,0,0,0,2,0,2,0,0,0,16,1,0,false
C:\ChatApplication\Ns_Abbani_Chat_App\app\src\main\java\com\example\nsabbani\view\fragments\ProfileFragment.java,com.example.nsabbani.view.fragments.ProfileFragment$Anonymous6,onClick/1[com.example.nsabbani.view.fragments.View],false,215,2,3,0,3,1,1,3,0,0,1,1,0,0,0,0,0,0,0,0,0,0,0,0,0,0,6,1,0,false
C:\ChatApplication\Ns_Abbani_Chat_App\app\src\main\java\com\example\nsabbani\view\ui\MessageActivity.java,com.example.nsabbani.view.ui.MessageActivity$Anonymous3,onChanged/1[com.example.nsabbani.view.ui.FirebaseUser],false,128,1,0,0,0,1,1,4,0,0,1,1,0,0,0,0,0,0,0,0,2,0,0,0,0,0,9,1,0,false
C:\ChatApplication\Ns_Abbani_Chat_App\app\src\main\java\com\example\nsabbani\view\ui\MessageActivity.java,com.example.nsabbani.view.ui.MessageActivity$Anonymous4,onChanged/1[com.example.nsabbani.view.ui.DataSnapshot],false,144,3,11,0,11,6,17,27,0,1,1,17,0,0,0,1,1,0,2,0,5,0,2,0,0,0,36,1,0,false
C:\ChatApplication\Ns_Abbani_Chat_App\app\src\main\java\com\example\nsabbani\view\ui\MessageActivity.java,com.example.nsabbani.view.ui.MessageActivity$Anonymous1,onClick/1[com.example.nsabbani.view.ui.View],false,95,2,4,0,4,1,1,3,0,0,1,1,0,0,0,0,0,0,0,0,0,0,0,0,0,0,9,1,0,false
C:\ChatApplication\Ns_Abbani_Chat_App\app\src\main\java\com\example\nsabbani\view\ui\MessageActivity.java,com.example.nsabbani.view.ui.MessageActivity$Anonymous2,onClick/1[com.example.nsabbani.view.ui.View],false,103,2,4,0,4,2,8,11,0,0,1,8,0,0,0,0,0,0,3,0,2,0,1,0,0,0,13,1,0,false
C:\ChatApplication\Ns_Abbani_Chat_App\app\src\main\java\com\example\nsabbani\services\repository\FirebaseInstanceDatabase.java,com.example.nsabbani.services.repository.FirebaseInstanceDatabase$Anonymous21,onFailure/1[java.lang.Exception],false,369,1,0,0,0,1,1,3,0,0,1,1,0,0,0,0,0,0,0,0,0,0,0,0,0,0,5,1,0,false
C:\ChatApplication\Ns_Abbani_Chat_App\app\src\main\java\com\example\nsabbani\services\repository\FirebaseLoginInstance.java,com.example.nsabbani.services.repository.FirebaseLoginInstance,"loginUser/2[java.lang.String,java.lang.String]",false,48,3,1,1,0,1,2,10,1,1,2,2,0,0,0,0,0,0,0,0,1,0,0,1,0,0,7,1,0,false
C:\ChatApplication\Ns_Abbani_Chat_App\app\src\main\java\com\example\nsabbani\services\repository\FirebaseLoginInstance.java,com.example.nsabbani.services.repository.FirebaseLoginInstance,getFirebaseUserLoginStatus/0,false,21,2,1,1,0,1,1,5,1,1,0,1,0,0,0,0,0,0,0,0,1,0,0,0,0,0,6,1,0,false
C:\ChatApplication\Ns_Abbani_Chat_App\app\src\main\java\com\example\nsabbani\services\repository\FirebaseLoginInstance.java,com.example.nsabbani.services.repository.FirebaseLoginInstance,successUpdateToken/1[java.lang.String],false,34,4,2,1,1,2,6,9,1,4,1,6,0,0,0,1,0,0,1,0,4,0,0,0,0,0,13,1,0,false
C:\ChatApplication\Ns_Abbani_Chat_App\app\src\main\java\com\example\nsabbani\services\repository\FirebaseLoginInstance.java,com.example.nsabbani.services.repository.FirebaseLoginInstance,resetPassword/1[java.lang.String],false,61,3,1,1,0,1,2,10,1,1,1,2,0,0,0,0,0,0,0,0,1,0,0,1,0,0,8,1,0,false
C:\ChatApplication\Ns_Abbani_Chat_App\app\src\main\java\com\example\nsabbani\services\repository\FirebaseLoginInstance.java,com.example.nsabbani.services.repository.FirebaseLoginInstance,getFirebaseAuth/0,false,28,2,1,1,0,1,1,5,1,1,0,1,0,0,0,0,0,0,0,0,1,0,0,0,0,0,5,1,0,false
C:\ChatApplication\Ns_Abbani_Chat_App\app\src\main\java\com\example\nsabbani\services\notifications\OreoNotification.java,com.example.nsabbani.services.notifications.OreoNotification,"getOreoNotification/5[java.lang.String,java.lang.String,com.example.nsabbani.services.notifications.PendingIntent,com.example.nsabbani.services.notifications.Uri,java.lang.String]",false,55,5,1,1,0,1,10,3,1,0,5,10,0,0,0,0,0,0,0,0,0,0,0,0,0,0,13,1,0,false
C:\ChatApplication\Ns_Abbani_Chat_App\app\src\main\java\com\example\nsabbani\services\notifications\OreoNotification.java,com.example.nsabbani.services.notifications.OreoNotification,createChannel/0,false,35,3,2,1,1,1,5,7,0,1,0,5,1,1,0,0,0,0,0,0,1,0,0,0,0,0,9,2,0,false
C:\ChatApplication\Ns_Abbani_Chat_App\app\src\main\java\com\example\nsabbani\services\notifications\OreoNotification.java,com.example.nsabbani.services.notifications.OreoNotification,OreoNotification/1[com.example.nsabbani.services.notifications.Context],true,26,2,2,1,1,2,1,6,0,0,1,1,1,2,0,0,0,0,0,0,0,0,1,0,0,0,6,1,0,false
C:\ChatApplication\Ns_Abbani_Chat_App\app\src\main\java\com\example\nsabbani\services\notifications\OreoNotification.java,com.example.nsabbani.services.notifications.OreoNotification,getManager/0,false,46,1,2,2,0,2,1,6,1,0,0,1,0,0,0,1,0,0,0,0,1,0,1,0,0,0,7,1,0,false
C:\ChatApplication\Ns_Abbani_Chat_App\app\src\main\java\com\example\nsabbani\view\fragments\ChatFragment.java,com.example.nsabbani.view.fragments.ChatFragment$Anonymous4,onChanged/1[com.example.nsabbani.view.fragments.DataSnapshot],false,101,4,8,0,8,6,11,20,0,1,1,11,0,0,2,1,0,0,0,1,2,0,4,0,0,0,17,1,0,false
C:\ChatApplication\Ns_Abbani_Chat_App\app\src\main\java\com\example\nsabbani\view\fragments\ChatFragment.java,com.example.nsabbani.view.fragments.ChatFragment$Anonymous1,onSuccess/1[com.example.nsabbani.view.fragments.InstanceIdResult],false,62,2,1,0,1,1,2,4,0,1,1,2,0,0,0,0,0,0,0,0,1,0,0,0,0,0,9,1,0,false
C:\ChatApplication\Ns_Abbani_Chat_App\app\src\main\java\com\example\nsabbani\viewModel\DatabaseViewModel.java,com.example.nsabbani.viewModel.DatabaseViewModel,fetchingUserDataCurrent/0,false,43,1,6,5,1,1,1,3,0,0,0,1,0,0,0,0,0,0,0,0,1,0,0,0,0,0,5,1,0,false
C:\ChatApplication\Ns_Abbani_Chat_App\app\src\main\java\com\example\nsabbani\viewModel\DatabaseViewModel.java,com.example.nsabbani.viewModel.DatabaseViewModel,fetchSearchedUser/1[java.lang.String],false,83,1,2,1,1,1,1,3,0,0,1,1,0,0,0,0,0,0,0,0,1,0,0,0,0,0,6,1,0,false
C:\ChatApplication\Ns_Abbani_Chat_App\app\src\main\java\com\example\nsabbani\viewModel\DatabaseViewModel.java,com.example.nsabbani.viewModel.DatabaseViewModel,fetchChatUser/0,false,59,1,3,2,1,1,1,3,0,0,0,1,0,0,0,0,0,0,0,0,1,0,0,0,0,0,4,1,0,false
C:\ChatApplication\Ns_Abbani_Chat_App\app\src\main\java\com\example\nsabbani\viewModel\DatabaseViewModel.java,com.example.nsabbani.viewModel.DatabaseViewModel,"addUserDatabase/5[java.lang.String,java.lang.String,java.lang.String,java.lang.String,java.lang.String]",false,39,1,2,1,1,1,1,3,0,0,5,1,0,0,0,0,0,0,0,0,1,0,0,0,0,0,8,1,0,false
C:\ChatApplication\Ns_Abbani_Chat_App\app\src\main\java\com\example\nsabbani\viewModel\DatabaseViewModel.java,com.example.nsabbani.viewModel.DatabaseViewModel,"addStatusInDatabase/2[java.lang.String,java.lang.Object]",false,79,1,3,2,1,1,1,3,0,0,2,1,0,0,0,0,0,0,0,0,1,0,0,0,0,0,7,1,0,false
C:\ChatApplication\Ns_Abbani_Chat_App\app\src\main\java\com\example\nsabbani\viewModel\DatabaseViewModel.java,com.example.nsabbani.viewModel.DatabaseViewModel,fetchUserByNameAll/0,false,47,1,3,2,1,1,1,3,0,0,0,1,0,0,0,0,0,0,0,0,1,0,0,0,0,0,6,1,0,false
C:\ChatApplication\Ns_Abbani_Chat_App\app\src\main\java\com\example\nsabbani\viewModel\DatabaseViewModel.java,com.example.nsabbani.viewModel.DatabaseViewModel,"addUsernameInDatabase/2[java.lang.String,java.lang.Object]",false,75,1,2,1,1,1,1,3,0,0,2,1,0,0,0,0,0,0,0,0,1,0,0,0,0,0,7,1,0,false
C:\ChatApplication\Ns_Abbani_Chat_App\app\src\main\java\com\example\nsabbani\viewModel\DatabaseViewModel.java,com.example.nsabbani.viewModel.DatabaseViewModel,getTokenDatabaseRef/0,false,95,1,2,1,1,1,1,3,0,0,0,1,0,0,0,0,0,0,0,0,1,0,0,0,0,0,5,1,0,false
C:\ChatApplication\Ns_Abbani_Chat_App\app\src\main\java\com\example\nsabbani\viewModel\DatabaseViewModel.java,com.example.nsabbani.viewModel.DatabaseViewModel,"fetchImageFileReference/3[java.lang.String,com.example.nsabbani.viewModel.Uri,com.example.nsabbani.viewModel.Context]",false,63,3,2,1,1,1,1,3,0,0,3,1,0,0,0,0,0,0,0,0,1,0,0,0,0,0,6,1,0,false
C:\ChatApplication\Ns_Abbani_Chat_App\app\src\main\java\com\example\nsabbani\viewModel\DatabaseViewModel.java,com.example.nsabbani.viewModel.DatabaseViewModel,"addImageUrlInDatabase/2[java.lang.String,java.lang.Object]",false,67,1,2,1,1,1,1,3,0,0,2,1,0,0,0,0,0,0,0,0,1,0,0,0,0,0,9,1,0,false
C:\ChatApplication\Ns_Abbani_Chat_App\app\src\main\java\com\example\nsabbani\viewModel\DatabaseViewModel.java,com.example.nsabbani.viewModel.DatabaseViewModel,"addIsSeenInDatabase/2[java.lang.String,com.example.nsabbani.viewModel.DataSnapshot]",false,87,2,2,1,1,1,1,3,0,0,2,1,0,0,0,0,0,0,0,0,1,0,0,0,0,0,9,1,0,false
C:\ChatApplication\Ns_Abbani_Chat_App\app\src\main\java\com\example\nsabbani\viewModel\DatabaseViewModel.java,com.example.nsabbani.viewModel.DatabaseViewModel,getChaListUserDataSnapshot/1[java.lang.String],false,91,1,2,1,1,1,1,3,0,0,1,1,0,0,0,0,0,0,0,0,1,0,0,0,0,0,8,1,0,false
C:\ChatApplication\Ns_Abbani_Chat_App\app\src\main\java\com\example\nsabbani\viewModel\DatabaseViewModel.java,com.example.nsabbani.viewModel.DatabaseViewModel,DatabaseViewModel/0,true,35,1,1,0,1,1,0,3,0,0,0,0,0,0,0,0,0,0,0,0,1,0,0,0,0,0,6,1,0,false
C:\ChatApplication\Ns_Abbani_Chat_App\app\src\main\java\com\example\nsabbani\viewModel\DatabaseViewModel.java,com.example.nsabbani.viewModel.DatabaseViewModel,"addChatDb/4[java.lang.String,java.lang.String,java.lang.String,java.lang.String]",false,55,1,2,1,1,1,1,3,0,0,4,1,0,0,0,0,0,0,0,0,1,0,0,0,0,0,6,1,0,false
C:\ChatApplication\Ns_Abbani_Chat_App\app\src\main\java\com\example\nsabbani\viewModel\DatabaseViewModel.java,com.example.nsabbani.viewModel.DatabaseViewModel,"addBioInDatabase/2[java.lang.String,java.lang.Object]",false,71,1,2,1,1,1,1,3,0,0,2,1,0,0,0,0,0,0,0,0,1,0,0,0,0,0,8,1,0,false
C:\ChatApplication\Ns_Abbani_Chat_App\app\src\main\java\com\example\nsabbani\viewModel\DatabaseViewModel.java,com.example.nsabbani.viewModel.DatabaseViewModel,fetchSelectedUserProfileData/1[java.lang.String],false,51,1,2,1,1,1,1,3,0,0,1,1,0,0,0,0,0,0,0,0,1,0,0,0,0,0,7,1,0,false
C:\ChatApplication\Ns_Abbani_Chat_App\app\src\main\java\com\example\nsabbani\view\fragments\ChatFragment.java,com.example.nsabbani.view.fragments.ChatFragment$Anonymous3,onChanged/1[com.example.nsabbani.view.fragments.DataSnapshot],false,84,3,8,0,8,2,4,7,0,1,1,4,0,0,1,0,0,0,0,0,1,0,1,0,0,0,10,1,0,false
C:\ChatApplication\Ns_Abbani_Chat_App\app\src\main\java\com\example\nsabbani\view\fragments\ChatFragment.java,com.example.nsabbani.view.fragments.ChatFragment$Anonymous2,onChanged/1[com.example.nsabbani.view.fragments.DataSnapshot],false,74,2,8,0,8,2,2,5,0,1,1,2,0,0,0,1,0,0,0,0,2,0,0,0,0,0,12,1,0,false
C:\ChatApplication\Ns_Abbani_Chat_App\app\src\main\java\com\example\nsabbani\view\fragments\UserFragment.java,com.example.nsabbani.view.fragments.UserFragment,UserFragment/1[com.example.nsabbani.view.fragments.Context],true,37,1,1,1,0,1,0,3,0,0,1,0,0,0,0,0,0,0,0,0,1,0,0,0,0,0,4,1,0,false
C:\ChatApplication\Ns_Abbani_Chat_App\app\src\main\java\com\example\nsabbani\view\fragments\UserFragment.java,com.example.nsabbani.view.fragments.UserFragment,"onCreateView/3[com.example.nsabbani.view.fragments.LayoutInflater,com.example.nsabbani.view.fragments.ViewGroup,com.example.nsabbani.view.fragments.Bundle]",false,42,5,2,0,2,1,3,6,1,1,3,3,2,1,0,0,0,0,0,0,1,0,0,0,0,0,15,1,0,false
C:\ChatApplication\Ns_Abbani_Chat_App\app\src\main\java\com\example\nsabbani\view\fragments\UserFragment.java,com.example.nsabbani.view.fragments.UserFragment,init/1[com.example.nsabbani.view.fragments.View],false,90,7,1,1,0,1,10,20,0,1,1,10,0,0,0,0,0,0,0,0,5,0,0,1,0,0,34,2,0,false
C:\ChatApplication\Ns_Abbani_Chat_App\app\src\main\java\com\example\nsabbani\view\fragments\UserFragment.java,com.example.nsabbani.view.fragments.UserFragment,fetchingAllUserNAme/0,false,52,2,4,2,2,1,3,31,0,0,0,3,0,0,0,0,0,0,0,0,0,0,0,2,0,0,20,2,0,false
C:\ChatApplication\Ns_Abbani_Chat_App\app\src\main\java\com\example\nsabbani\view\fragments\UserFragment.java,com.example.nsabbani.view.fragments.UserFragment,searchUsers/1[java.lang.String],false,121,3,3,1,2,3,5,23,0,0,1,5,1,1,0,0,0,1,1,0,0,0,1,1,0,0,22,2,0,false
C:\ChatApplication\Ns_Abbani_Chat_App\app\src\main\java\com\example\nsabbani\view\ui\MessageActivity.java,com.example.nsabbani.view.ui.MessageActivity$Anonymous9$Anonymous10$Anonymous11,"onFailure/2[com.example.nsabbani.view.ui.Call<com.example.nsabbani.services.notifications.MyResponse>,java.lang.Throwable]",false,283,1,0,0,0,1,0,2,0,0,2,0,0,0,0,0,0,0,0,0,0,0,0,0,0,0,3,1,0,false
C:\ChatApplication\Ns_Abbani_Chat_App\app\src\main\java\com\example\nsabbani\view\ui\MessageActivity.java,com.example.nsabbani.view.ui.MessageActivity$Anonymous9$Anonymous10$Anonymous11,"onResponse/2[com.example.nsabbani.view.ui.Call<com.example.nsabbani.services.notifications.MyResponse>,com.example.nsabbani.view.ui.Response<com.example.nsabbani.services.notifications.MyResponse>]",false,273,2,0,0,0,3,2,7,0,0,2,2,0,0,0,3,0,0,0,2,0,0,2,0,0,0,5,1,0,false
C:\ChatApplication\Ns_Abbani_Chat_App\app\src\main\java\com\example\nsabbani\view\adapters\UserFragmentAdapter.java,com.example.nsabbani.view.adapters.UserFragmentAdapter$Anonymous2,onClick/1[com.example.nsabbani.view.adapters.View],false,90,4,2,0,2,1,3,5,0,1,1,3,0,0,0,0,0,0,1,0,1,0,0,0,0,0,6,1,0,false
C:\ChatApplication\Ns_Abbani_Chat_App\app\src\main\java\com\example\nsabbani\view\adapters\UserFragmentAdapter.java,com.example.nsabbani.view.adapters.UserFragmentAdapter$Anonymous1,onClick/1[com.example.nsabbani.view.adapters.View],false,81,4,2,0,2,1,2,5,0,1,1,2,0,0,0,0,0,1,1,0,2,0,0,0,0,0,17,1,0,false
C:\ChatApplication\Ns_Abbani_Chat_App\app\src\main\java\com\example\nsabbani\services\repository\FirebaseInstanceDatabase.java,com.example.nsabbani.services.repository.FirebaseInstanceDatabase,"fetchFileReference/3[java.lang.String,com.example.nsabbani.services.repository.Uri,com.example.nsabbani.services.repository.Context]",false,61,5,2,1,1,1,3,6,1,2,3,3,1,1,0,0,0,0,1,0,2,1,0,0,0,0,11,1,0,false
C:\ChatApplication\Ns_Abbani_Chat_App\app\src\main\java\com\example\nsabbani\services\repository\FirebaseInstanceDatabase.java,com.example.nsabbani.services.repository.FirebaseInstanceDatabase,"addChatsInDatabase/4[java.lang.String,java.lang.String,java.lang.String,java.lang.String]",false,152,5,1,1,0,1,8,45,1,4,4,8,0,0,0,0,0,0,8,0,4,0,0,4,0,0,36,1,0,false
C:\ChatApplication\Ns_Abbani_Chat_App\app\src\main\java\com\example\nsabbani\services\repository\FirebaseInstanceDatabase.java,com.example.nsabbani.services.repository.FirebaseInstanceDatabase,getChatList/1[java.lang.String],false,217,4,1,1,0,1,4,13,1,2,1,4,0,0,0,0,0,0,1,0,2,0,0,1,0,0,22,1,0,false
C:\ChatApplication\Ns_Abbani_Chat_App\app\src\main\java\com\example\nsabbani\services\repository\FirebaseInstanceDatabase.java,com.example.nsabbani.services.repository.FirebaseInstanceDatabase,"addImageUrlInDatabase/2[java.lang.String,java.lang.Object]",false,258,4,1,1,0,1,8,18,1,3,2,8,0,0,0,0,0,0,1,0,3,0,0,2,0,0,22,1,0,false
C:\ChatApplication\Ns_Abbani_Chat_App\app\src\main\java\com\example\nsabbani\services\repository\FirebaseInstanceDatabase.java,com.example.nsabbani.services.repository.FirebaseInstanceDatabase,fetchAllUserByNames/0,false,35,3,1,1,0,1,3,12,1,1,0,3,0,0,0,0,0,0,2,0,1,0,0,1,0,0,20,1,0,false
C:\ChatApplication\Ns_Abbani_Chat_App\app\src\main\java\com\example\nsabbani\services\repository\FirebaseInstanceDatabase.java,com.example.nsabbani.services.repository.FirebaseInstanceDatabase,"addBioInDatabase/2[java.lang.String,java.lang.Object]",false,301,4,1,1,0,1,8,18,1,3,2,8,0,0,0,0,0,0,1,0,3,0,0,2,0,0,20,1,0,false
C:\ChatApplication\Ns_Abbani_Chat_App\app\src\main\java\com\example\nsabbani\services\repository\FirebaseInstanceDatabase.java,com.example.nsabbani.services.repository.FirebaseInstanceDatabase,fetchUserDataCurrent/0,false,95,3,1,1,0,1,4,12,1,1,0,4,0,0,0,0,0,0,1,0,1,0,0,1,0,0,15,1,0,false
C:\ChatApplication\Ns_Abbani_Chat_App\app\src\main\java\com\example\nsabbani\services\repository\FirebaseInstanceDatabase.java,com.example.nsabbani.services.repository.FirebaseInstanceDatabase,fetchChatUser/0,false,136,3,1,1,0,1,2,12,1,1,0,2,0,0,0,0,0,0,1,0,1,0,0,1,0,0,15,1,0,false
C:\ChatApplication\Ns_Abbani_Chat_App\app\src\main\java\com\example\nsabbani\services\repository\FirebaseInstanceDatabase.java,com.example.nsabbani.services.repository.FirebaseInstanceDatabase,"addUsernameInDatabase/2[java.lang.String,java.lang.Object]",false,279,4,1,1,0,1,10,20,1,4,2,10,0,0,0,0,0,0,2,0,4,0,0,2,0,0,24,1,0,false
C:\ChatApplication\Ns_Abbani_Chat_App\app\src\main\java\com\example\nsabbani\services\repository\FirebaseInstanceDatabase.java,com.example.nsabbani.services.repository.FirebaseInstanceDatabase,"addStatusInDatabase/2[java.lang.String,java.lang.Object]",false,321,3,1,1,0,1,6,23,1,4,2,6,0,0,0,0,0,0,1,0,4,0,0,1,0,0,24,1,0,false
C:\ChatApplication\Ns_Abbani_Chat_App\app\src\main\java\com\example\nsabbani\services\repository\FirebaseInstanceDatabase.java,com.example.nsabbani.services.repository.FirebaseInstanceDatabase,"getFileExtension/2[com.example.nsabbani.services.repository.Uri,com.example.nsabbani.services.repository.Context]",false,54,4,1,1,0,1,5,5,1,2,2,5,0,0,0,0,0,0,0,0,2,0,0,0,0,0,13,2,0,false
C:\ChatApplication\Ns_Abbani_Chat_App\app\src\main\java\com\example\nsabbani\services\repository\FirebaseInstanceDatabase.java,com.example.nsabbani.services.repository.FirebaseInstanceDatabase,fetchSearchUser/1[java.lang.String],false,114,4,1,1,0,1,5,13,1,2,1,5,0,0,0,0,0,0,3,0,2,1,0,1,0,0,19,1,0,false
C:\ChatApplication\Ns_Abbani_Chat_App\app\src\main\java\com\example\nsabbani\services\repository\FirebaseInstanceDatabase.java,com.example.nsabbani.services.repository.FirebaseInstanceDatabase,getTokenRef/0,false,85,2,1,1,0,1,3,6,1,2,0,3,0,0,0,0,0,0,1,0,2,0,0,0,0,0,6,1,0,false
C:\ChatApplication\Ns_Abbani_Chat_App\app\src\main\java\com\example\nsabbani\services\repository\FirebaseInstanceDatabase.java,com.example.nsabbani.services.repository.FirebaseInstanceDatabase,"addIsSeenInDatabase/2[java.lang.String,com.example.nsabbani.services.repository.DataSnapshot]",false,237,4,1,1,0,1,5,17,1,2,2,5,0,0,0,0,0,0,0,0,2,0,0,2,0,0,21,1,0,false
C:\ChatApplication\Ns_Abbani_Chat_App\app\src\main\java\com\example\nsabbani\services\repository\FirebaseInstanceDatabase.java,com.example.nsabbani.services.repository.FirebaseInstanceDatabase,"addUserInDatabase/5[java.lang.String,java.lang.String,java.lang.String,java.lang.String,java.lang.String]",false,349,3,1,1,0,1,7,24,1,2,5,7,0,0,0,0,0,0,11,0,2,0,0,2,0,0,24,1,0,false
C:\ChatApplication\Ns_Abbani_Chat_App\app\src\main\java\com\example\nsabbani\services\repository\FirebaseInstanceDatabase.java,com.example.nsabbani.services.repository.FirebaseInstanceDatabase,fetchSelectedUserIdData/1[java.lang.String],false,68,3,1,1,0,1,3,12,1,1,1,3,0,0,0,0,0,0,1,0,1,0,0,1,0,0,19,1,0,false
C:\ChatApplication\Ns_Abbani_Chat_App\app\src\main\java\com\example\nsabbani\view\fragments\BottomSheetFragmentUsernameAndBioUpdate.java,com.example.nsabbani.view.fragments.BottomSheetFragmentUsernameAndBioUpdate,onCreate/1[com.example.nsabbani.view.fragments.Bundle],false,40,2,0,0,0,1,2,4,0,0,1,2,0,0,0,0,0,0,0,0,0,0,0,0,0,0,8,1,0,false
C:\ChatApplication\Ns_Abbani_Chat_App\app\src\main\java\com\example\nsabbani\view\fragments\BottomSheetFragmentUsernameAndBioUpdate.java,com.example.nsabbani.view.fragments.BottomSheetFragmentUsernameAndBioUpdate,"onCreateView/3[com.example.nsabbani.view.fragments.LayoutInflater,com.example.nsabbani.view.fragments.ViewGroup,com.example.nsabbani.view.fragments.Bundle]",false,48,7,1,0,1,1,8,7,1,1,3,8,1,1,0,0,0,0,0,0,1,0,0,0,0,0,14,1,0,false
C:\ChatApplication\Ns_Abbani_Chat_App\app\src\main\java\com\example\nsabbani\view\fragments\BottomSheetFragmentUsernameAndBioUpdate.java,com.example.nsabbani.view.fragments.BottomSheetFragmentUsernameAndBioUpdate,init/1[com.example.nsabbani.view.fragments.View],false,70,3,1,1,0,1,7,18,0,0,1,7,0,0,0,0,0,0,0,0,4,0,0,2,0,0,25,2,0,false
C:\ChatApplication\Ns_Abbani_Chat_App\app\src\main\java\com\example\nsabbani\view\fragments\BottomSheetFragmentUsernameAndBioUpdate.java,com.example.nsabbani.view.fragments.BottomSheetFragmentUsernameAndBioUpdate,"BottomSheetFragmentUsernameAndBioUpdate/2[com.example.nsabbani.view.fragments.Context,java.lang.Boolean]",true,34,1,1,1,0,1,0,4,0,0,2,0,0,0,0,0,0,0,0,0,2,0,0,0,0,0,10,1,0,false
C:\ChatApplication\Ns_Abbani_Chat_App\app\src\main\java\com\example\nsabbani\view\fragments\BottomSheetFragmentUsernameAndBioUpdate.java,com.example.nsabbani.view.fragments.BottomSheetFragmentUsernameAndBioUpdate,updateUsernameAndBio/0,false,58,1,3,1,2,2,6,11,0,0,0,6,0,0,0,0,0,0,2,0,2,0,1,0,0,0,8,2,0,false
C:\ChatApplication\Ns_Abbani_Chat_App\app\src\main\java\com\example\nsabbani\services\repository\FirebaseInstanceDatabase.java,com.example.nsabbani.services.repository.FirebaseInstanceDatabase$Anonymous20,onComplete/1[com.example.nsabbani.services.repository.Task<java.lang.Void>],false,364,2,0,0,0,1,1,3,0,0,1,1,0,0,0,0,0,0,0,0,0,0,0,0,0,0,4,1,0,false
C:\ChatApplication\Ns_Abbani_Chat_App\app\src\main\java\com\example\nsabbani\view\ui\SignupActivity.java,com.example.nsabbani.view.ui.SignupActivity,dismissKeyboard/0,false,177,1,1,1,0,2,5,5,0,1,0,5,0,0,0,1,0,0,0,1,1,0,0,0,0,0,12,1,0,false
C:\ChatApplication\Ns_Abbani_Chat_App\app\src\main\java\com\example\nsabbani\view\ui\SignupActivity.java,com.example.nsabbani.view.ui.SignupActivity,listeners/0,false,57,1,1,1,0,1,1,49,0,0,0,1,0,0,0,0,0,0,0,0,0,0,0,2,0,0,37,2,0,false
C:\ChatApplication\Ns_Abbani_Chat_App\app\src\main\java\com\example\nsabbani\view\ui\SignupActivity.java,com.example.nsabbani.view.ui.SignupActivity,init/0,false,184,3,1,1,0,1,4,11,0,0,0,4,0,0,0,0,0,0,0,0,9,0,0,0,0,0,25,2,0,false
C:\ChatApplication\Ns_Abbani_Chat_App\app\src\main\java\com\example\nsabbani\view\ui\SignupActivity.java,com.example.nsabbani.view.ui.SignupActivity,onCreate/1[com.example.nsabbani.view.ui.Bundle],false,50,2,2,0,2,1,4,6,0,0,1,4,2,1,0,0,0,0,0,0,0,0,0,0,0,0,11,4,0,false
C:\ChatApplication\Ns_Abbani_Chat_App\app\src\main\java\com\example\nsabbani\view\ui\SignupActivity.java,com.example.nsabbani.view.ui.SignupActivity,getUserSession/0,false,166,2,2,1,1,1,2,9,0,0,0,2,0,0,0,0,0,0,0,0,0,0,0,1,0,0,8,1,0,false
C:\ChatApplication\Ns_Abbani_Chat_App\app\src\main\java\com\example\nsabbani\view\ui\SignupActivity.java,com.example.nsabbani.view.ui.SignupActivity,signInUsers/0,false,107,2,2,1,1,1,2,41,0,0,0,2,0,0,0,0,0,0,0,0,0,0,0,1,0,0,41,1,0,false
C:\ChatApplication\Ns_Abbani_Chat_App\app\src\main\java\com\example\nsabbani\view\ui\SignupActivity.java,com.example.nsabbani.view.ui.SignupActivity,"addUserInDatabase/3[java.lang.String,java.lang.String,java.lang.String]",false,148,2,2,1,1,1,5,16,0,1,3,5,0,0,0,0,0,0,1,0,4,0,0,1,0,0,27,2,0,false
C:\ChatApplication\Ns_Abbani_Chat_App\app\src\main\java\com\example\nsabbani\view\ui\MessageActivity.java,com.example.nsabbani.view.ui.MessageActivity$Anonymous9$Anonymous10,onDataChange/1[com.example.nsabbani.view.ui.DataSnapshot],false,262,7,4,0,4,2,6,20,0,3,1,6,0,0,1,1,0,0,2,0,3,1,1,1,0,0,17,1,0,false
C:\ChatApplication\Ns_Abbani_Chat_App\app\src\main\java\com\example\nsabbani\view\ui\MessageActivity.java,com.example.nsabbani.view.ui.MessageActivity$Anonymous9$Anonymous10,onCancelled/1[com.example.nsabbani.view.ui.DatabaseError],false,292,2,0,0,0,1,0,2,0,0,1,0,0,0,0,0,0,0,0,0,0,0,0,0,0,0,5,1,0,false
C:\ChatApplication\Ns_Abbani_Chat_App\app\src\main\java\com\example\nsabbani\view\ui\SplashActivity.java,com.example.nsabbani.view.ui.SplashActivity,onCreate/1[com.example.nsabbani.view.ui.Bundle],false,11,3,0,0,0,1,3,6,0,1,1,3,0,0,0,0,0,0,0,0,1,0,0,0,0,0,11,4,0,false
C:\ChatApplication\Ns_Abbani_Chat_App\app\src\main\java\com\example\nsabbani\services\notifications\Client.java,com.example.nsabbani.services.notifications.Client,getClient/1[java.lang.String],false,10,1,1,1,0,2,4,6,2,0,1,4,0,0,0,1,0,0,0,0,0,0,1,0,0,0,6,9,0,false
C:\ChatApplication\Ns_Abbani_Chat_App\app\src\main\java\com\example\nsabbani\view\adapters\MessageAdapter.java,com.example.nsabbani.view.adapters.MessageAdapter$MessageHolder,MessageHolder/1[com.example.nsabbani.view.adapters.View],true,94,2,1,1,0,1,1,6,0,0,1,1,0,0,0,0,0,0,0,0,3,0,0,0,0,0,8,1,0,false
C:\ChatApplication\Ns_Abbani_Chat_App\app\src\main\java\com\example\nsabbani\view\adapters\ViewPagerAdapter.java,com.example.nsabbani.view.adapters.ViewPagerAdapter,getItem/1[int],false,23,2,0,0,0,1,1,3,1,0,1,1,0,0,0,0,0,0,0,0,0,0,0,0,0,0,4,1,0,false
C:\ChatApplication\Ns_Abbani_Chat_App\app\src\main\java\com\example\nsabbani\view\adapters\ViewPagerAdapter.java,com.example.nsabbani.view.adapters.ViewPagerAdapter,getPageTitle/1[int],false,40,1,0,0,0,1,1,3,1,0,1,1,0,0,0,0,0,0,0,0,0,0,0,0,0,0,6,1,0,false
C:\ChatApplication\Ns_Abbani_Chat_App\app\src\main\java\com\example\nsabbani\view\adapters\ViewPagerAdapter.java,com.example.nsabbani.view.adapters.ViewPagerAdapter,"addFragment/2[com.example.nsabbani.view.adapters.Fragment,java.lang.String]",false,33,1,1,1,0,1,2,4,0,0,2,2,0,0,0,0,0,0,0,0,0,0,0,0,0,0,4,1,0,false
C:\ChatApplication\Ns_Abbani_Chat_App\app\src\main\java\com\example\nsabbani\view\adapters\ViewPagerAdapter.java,com.example.nsabbani.view.adapters.ViewPagerAdapter,"ViewPagerAdapter/2[com.example.nsabbani.view.adapters.FragmentManager,int]",true,17,2,1,1,0,1,0,3,0,0,2,0,0,0,0,0,0,0,0,0,0,0,0,0,0,0,6,1,0,false
C:\ChatApplication\Ns_Abbani_Chat_App\app\src\main\java\com\example\nsabbani\view\adapters\ViewPagerAdapter.java,com.example.nsabbani.view.adapters.ViewPagerAdapter,getCount/0,false,28,0,0,0,0,1,1,3,1,0,0,1,0,0,0,0,0,0,0,0,0,0,0,0,0,0,2,1,0,false
C:\ChatApplication\Ns_Abbani_Chat_App\app\src\main\java\com\example\nsabbani\view\ui\LoginActivity.java,com.example.nsabbani.view.ui.LoginActivity,getUserSession/0,false,50,3,2,1,1,2,4,12,0,2,0,4,0,0,0,1,0,0,0,0,2,0,2,0,0,1,11,2,0,false
C:\ChatApplication\Ns_Abbani_Chat_App\app\src\main\java\com\example\nsabbani\view\ui\LoginActivity.java,com.example.nsabbani.view.ui.LoginActivity,listener/0,false,64,3,1,1,0,5,18,40,0,4,0,18,0,0,0,0,0,1,3,2,4,0,2,0,0,2,31,2,0,false
C:\ChatApplication\Ns_Abbani_Chat_App\app\src\main\java\com\example\nsabbani\view\ui\LoginActivity.java,com.example.nsabbani.view.ui.LoginActivity,init/0,false,147,4,1,1,0,1,6,11,0,1,0,6,0,0,0,0,0,0,0,0,8,0,0,0,0,1,31,2,0,false
C:\ChatApplication\Ns_Abbani_Chat_App\app\src\main\java\com\example\nsabbani\view\ui\LoginActivity.java,com.example.nsabbani.view.ui.LoginActivity,onCreate/1[com.example.nsabbani.view.ui.Bundle],false,42,2,3,0,3,1,5,7,0,0,1,5,3,1,0,0,0,0,0,0,0,0,0,0,0,0,14,4,0,false
C:\ChatApplication\Ns_Abbani_Chat_App\app\src\main\java\com\example\nsabbani\view\ui\LoginActivity.java,com.example.nsabbani.view.ui.LoginActivity,logInUser/0,false,106,3,1,0,1,5,13,34,0,2,0,13,0,0,0,0,1,0,5,0,1,0,3,0,0,1,24,1,0,false
C:\ChatApplication\Ns_Abbani_Chat_App\app\src\main\java\com\example\nsabbani\view\ui\LoginActivity.java,com.example.nsabbani.view.ui.LoginActivity,dismissKeyboard/0,false,140,1,0,0,0,2,5,5,0,1,0,5,0,0,0,1,0,0,0,1,1,0,0,0,0,0,12,1,0,false
C:\ChatApplication\Ns_Abbani_Chat_App\app\src\main\java\com\example\nsabbani\services\notifications\MyFirebaseMessaging.java,com.example.nsabbani.services.notifications.MyFirebaseMessaging$Anonymous1,onChanged/1[java.lang.Boolean],false,53,0,0,0,0,1,0,2,0,0,1,0,0,0,0,0,0,0,0,0,0,0,0,0,0,0,4,1,0,false
C:\ChatApplication\Ns_Abbani_Chat_App\app\src\main\java\com\example\nsabbani\view\fragments\BottomSheetFragmentUsernameAndBioUpdate.java,com.example.nsabbani.view.fragments.BottomSheetFragmentUsernameAndBioUpdate$Anonymous1,onClick/1[com.example.nsabbani.view.fragments.View],false,81,2,3,0,3,1,1,3,0,0,1,1,0,0,0,0,0,0,0,0,0,0,0,0,0,0,8,1,0,false
C:\ChatApplication\Ns_Abbani_Chat_App\app\src\main\java\com\example\nsabbani\view\fragments\BottomSheetFragmentUsernameAndBioUpdate.java,com.example.nsabbani.view.fragments.BottomSheetFragmentUsernameAndBioUpdate$Anonymous2,onClick/1[com.example.nsabbani.view.fragments.View],false,88,1,3,0,3,1,1,3,0,0,1,1,0,0,0,0,0,0,0,0,0,0,0,0,0,0,5,1,0,false
C:\ChatApplication\Ns_Abbani_Chat_App\app\src\main\java\com\example\nsabbani\view\ui\SignupActivity.java,com.example.nsabbani.view.ui.SignupActivity$Anonymous3,onChanged/1[com.example.nsabbani.view.ui.Task],false,111,4,2,0,2,6,13,35,0,1,1,13,0,0,0,0,1,0,7,0,1,0,2,0,0,0,39,1,0,false
C:\ChatApplication\Ns_Abbani_Chat_App\app\src\main\java\com\example\nsabbani\view\ui\SignupActivity.java,com.example.nsabbani.view.ui.SignupActivity$Anonymous2,onClick/1[com.example.nsabbani.view.ui.View],false,98,3,4,0,4,1,4,6,0,1,1,4,0,0,0,0,0,0,0,0,1,0,0,0,0,0,15,1,0,false
C:\ChatApplication\Ns_Abbani_Chat_App\app\src\main\java\com\example\nsabbani\viewModel\LogInViewModel.java,com.example.nsabbani.viewModel.LogInViewModel,LogInViewModel/0,true,21,1,1,0,1,1,0,3,0,0,0,0,0,0,0,0,0,0,0,0,1,0,0,0,0,0,8,1,0,false
C:\ChatApplication\Ns_Abbani_Chat_App\app\src\main\java\com\example\nsabbani\viewModel\LogInViewModel.java,com.example.nsabbani.viewModel.LogInViewModel,updateToken/1[java.lang.String],false,41,1,3,2,1,1,1,3,0,0,1,1,0,0,0,0,0,0,0,0,1,0,0,0,0,0,5,1,0,false
C:\ChatApplication\Ns_Abbani_Chat_App\app\src\main\java\com\example\nsabbani\viewModel\LogInViewModel.java,com.example.nsabbani.viewModel.LogInViewModel,getFirebaseUserLogInStatus/0,false,29,1,3,2,1,1,1,3,0,0,0,1,0,0,0,0,0,0,0,0,1,0,0,0,0,0,8,1,0,false
C:\ChatApplication\Ns_Abbani_Chat_App\app\src\main\java\com\example\nsabbani\viewModel\LogInViewModel.java,com.example.nsabbani.viewModel.LogInViewModel,getFirebaseAuth/0,false,33,1,2,1,1,1,1,3,0,0,0,1,0,0,0,0,0,0,0,0,1,0,0,0,0,0,6,1,0,false
C:\ChatApplication\Ns_Abbani_Chat_App\app\src\main\java\com\example\nsabbani\viewModel\LogInViewModel.java,com.example.nsabbani.viewModel.LogInViewModel,"userLogIn/2[java.lang.String,java.lang.String]",false,25,1,2,1,1,1,1,3,0,0,2,1,0,0,0,0,0,0,0,0,1,0,0,0,0,0,6,1,0,false
C:\ChatApplication\Ns_Abbani_Chat_App\app\src\main\java\com\example\nsabbani\viewModel\LogInViewModel.java,com.example.nsabbani.viewModel.LogInViewModel,addPasswordResetEmail/1[java.lang.String],false,37,1,2,1,1,1,1,3,0,0,1,1,0,0,0,0,0,0,0,0,1,0,0,0,0,0,6,1,0,false
C:\ChatApplication\Ns_Abbani_Chat_App\app\src\main\java\com\example\nsabbani\view\fragments\ProfileFragment.java,com.example.nsabbani.view.fragments.ProfileFragment$Anonymous2$Anonymous4,onComplete/1[com.example.nsabbani.view.fragments.Task<com.example.nsabbani.view.fragments.Uri>],false,141,4,1,0,1,2,7,12,0,2,1,7,0,0,0,1,0,0,2,0,2,0,1,0,0,0,9,1,0,false
C:\ChatApplication\Ns_Abbani_Chat_App\app\src\main\java\com\example\nsabbani\view\ui\SignupActivity.java,com.example.nsabbani.view.ui.SignupActivity$Anonymous5,onChanged/1[com.example.nsabbani.view.ui.FirebaseUser],false,170,1,0,0,0,1,0,3,0,0,1,0,0,0,0,0,0,0,0,0,1,0,0,0,0,0,6,1,0,false
C:\ChatApplication\Ns_Abbani_Chat_App\app\src\main\java\com\example\nsabbani\view\fragments\ProfileFragment.java,com.example.nsabbani.view.fragments.ProfileFragment$Anonymous2$Anonymous5,onFailure/1[java.lang.Exception],false,154,1,0,0,0,1,4,4,0,0,1,4,0,0,0,0,0,0,0,0,0,0,0,0,0,0,4,1,0,false
C:\ChatApplication\Ns_Abbani_Chat_App\app\src\main\java\com\example\nsabbani\view\ui\SignupActivity.java,com.example.nsabbani.view.ui.SignupActivity$Anonymous4,onChanged/1[java.lang.Boolean],false,156,0,0,0,0,2,2,6,0,0,1,2,0,0,0,0,0,0,2,0,0,0,2,0,0,0,14,1,0,false
C:\ChatApplication\Ns_Abbani_Chat_App\app\src\main\java\com\example\nsabbani\viewModel\SignInViewModel.java,com.example.nsabbani.viewModel.SignInViewModel,"userSignIn/3[java.lang.String,java.lang.String,java.lang.String]",false,20,1,2,1,1,1,1,3,0,0,3,1,0,0,0,0,0,0,0,0,1,0,0,0,0,0,6,1,0,false
C:\ChatApplication\Ns_Abbani_Chat_App\app\src\main\java\com\example\nsabbani\viewModel\SignInViewModel.java,com.example.nsabbani.viewModel.SignInViewModel,SignInViewModel/0,true,16,1,1,0,1,1,0,3,0,0,0,0,0,0,0,0,0,0,0,0,1,0,0,0,0,0,8,1,0,false
C:\ChatApplication\Ns_Abbani_Chat_App\app\src\main\java\com\example\nsabbani\viewModel\SignInViewModel.java,com.example.nsabbani.viewModel.SignInViewModel,getUserFirebaseSession/0,false,25,0,1,1,0,1,0,3,0,0,0,0,0,0,0,0,0,0,0,0,1,0,0,0,0,0,5,1,0,false
C:\ChatApplication\Ns_Abbani_Chat_App\app\src\main\java\com\example\nsabbani\view\fragments\ProfileFragment.java,com.example.nsabbani.view.fragments.ProfileFragment$Anonymous2$Anonymous3,then/1[com.example.nsabbani.view.fragments.Task<UploadTask.TaskSnapshot>],false,133,3,0,0,0,2,4,6,1,0,1,4,0,0,0,0,0,0,0,0,0,0,1,0,0,0,3,1,0,false
C:\ChatApplication\Ns_Abbani_Chat_App\app\src\main\java\com\example\nsabbani\view\fragments\UserFragment.java,com.example.nsabbani.view.fragments.UserFragment$Anonymous2,onChanged/1[com.example.nsabbani.view.fragments.DataSnapshot],false,66,3,8,0,8,5,11,16,0,1,1,11,0,0,1,2,0,1,1,0,2,0,4,0,0,0,13,1,0,false
C:\ChatApplication\Ns_Abbani_Chat_App\app\src\main\java\com\example\nsabbani\view\ui\SignupActivity.java,com.example.nsabbani.view.ui.SignupActivity$Anonymous1,onClick/1[com.example.nsabbani.view.ui.View],false,63,2,4,0,4,7,13,34,0,0,1,13,0,0,0,0,0,1,4,0,3,0,1,0,0,0,23,1,0,false
C:\ChatApplication\Ns_Abbani_Chat_App\app\src\main\java\com\example\nsabbani\view\fragments\UserFragment.java,com.example.nsabbani.view.fragments.UserFragment$Anonymous1,onChanged/1[com.example.nsabbani.view.fragments.DataSnapshot],false,56,2,8,0,8,2,2,5,0,1,1,2,0,0,0,1,0,0,0,0,2,0,0,0,0,0,12,1,0,false
C:\ChatApplication\Ns_Abbani_Chat_App\app\src\main\java\com\example\nsabbani\view\fragments\UserFragment.java,com.example.nsabbani.view.fragments.UserFragment$Anonymous4,onChanged/1[com.example.nsabbani.view.fragments.DataSnapshot],false,127,3,8,0,8,3,7,12,0,1,1,7,0,0,1,1,0,0,0,0,2,0,2,0,0,0,16,1,0,false
C:\ChatApplication\Ns_Abbani_Chat_App\app\src\main\java\com\example\nsabbani\view\fragments\UserFragment.java,com.example.nsabbani.view.fragments.UserFragment$Anonymous3,"beforeTextChanged/4[java.lang.CharSequence,int,int,int]",false,103,0,0,0,0,1,0,2,0,0,4,0,0,0,0,0,0,0,0,0,0,0,0,0,0,0,6,1,0,false
C:\ChatApplication\Ns_Abbani_Chat_App\app\src\main\java\com\example\nsabbani\view\fragments\UserFragment.java,com.example.nsabbani.view.fragments.UserFragment$Anonymous3,"onTextChanged/4[java.lang.CharSequence,int,int,int]",false,108,1,1,0,1,1,3,3,0,0,4,3,0,0,0,0,0,0,0,0,0,0,0,0,0,0,8,1,0,false
C:\ChatApplication\Ns_Abbani_Chat_App\app\src\main\java\com\example\nsabbani\view\fragments\UserFragment.java,com.example.nsabbani.view.fragments.UserFragment$Anonymous3,afterTextChanged/1[com.example.nsabbani.view.fragments.Editable],false,113,1,0,0,0,2,4,3,0,0,1,4,0,0,0,0,0,0,2,0,0,0,1,0,0,0,5,1,0,false
C:\ChatApplication\Ns_Abbani_Chat_App\app\src\main\java\com\example\nsabbani\services\notifications\MyFirebaseMessaging.java,com.example.nsabbani.services.notifications.MyFirebaseMessaging,sendOreoNotification/1[com.example.nsabbani.services.notifications.RemoteMessage],false,84,9,4,1,3,3,14,23,0,13,1,14,0,0,0,1,0,0,7,2,14,0,1,0,0,0,27,2,0,false
C:\ChatApplication\Ns_Abbani_Chat_App\app\src\main\java\com\example\nsabbani\services\notifications\MyFirebaseMessaging.java,com.example.nsabbani.services.notifications.MyFirebaseMessaging,onMessageReceived/1[com.example.nsabbani.services.notifications.RemoteMessage],false,60,6,2,0,2,6,11,18,0,6,1,11,2,1,0,2,0,0,5,0,6,0,3,0,0,0,22,1,0,false
C:\ChatApplication\Ns_Abbani_Chat_App\app\src\main\java\com\example\nsabbani\services\notifications\MyFirebaseMessaging.java,com.example.nsabbani.services.notifications.MyFirebaseMessaging,onNewToken/1[java.lang.String],false,37,4,1,0,1,2,4,8,0,2,1,4,1,1,0,1,0,0,0,0,2,0,1,0,0,0,11,1,0,false
C:\ChatApplication\Ns_Abbani_Chat_App\app\src\main\java\com\example\nsabbani\services\notifications\MyFirebaseMessaging.java,com.example.nsabbani.services.notifications.MyFirebaseMessaging,sendNotification/1[com.example.nsabbani.services.notifications.RemoteMessage],false,117,8,1,1,0,5,22,25,0,13,1,22,0,0,0,3,0,0,7,2,14,0,1,0,0,0,29,2,0,false
C:\ChatApplication\Ns_Abbani_Chat_App\app\src\main\java\com\example\nsabbani\services\notifications\MyFirebaseMessaging.java,com.example.nsabbani.services.notifications.MyFirebaseMessaging,getLifecycle/0,false,160,2,0,0,0,1,0,3,1,0,0,0,0,0,0,0,0,0,0,0,0,0,0,0,0,0,3,1,0,false
C:\ChatApplication\Ns_Abbani_Chat_App\app\src\main\java\com\example\nsabbani\services\notifications\MyFirebaseMessaging.java,com.example.nsabbani.services.notifications.MyFirebaseMessaging,updateToken/1[java.lang.String],false,49,3,2,1,1,1,2,8,0,0,1,2,0,0,0,0,0,0,0,0,0,0,0,1,0,0,9,2,0,false
C:\ChatApplication\Ns_Abbani_Chat_App\app\src\main\java\com\example\nsabbani\services\repository\FirebaseLoginInstance.java,com.example.nsabbani.services.repository.FirebaseLoginInstance$Anonymous1,onComplete/1[com.example.nsabbani.services.repository.Task<com.example.nsabbani.services.repository.AuthResult>],false,53,2,0,0,0,1,1,3,0,0,1,1,0,0,0,0,0,0,0,0,0,0,0,0,0,0,3,1,0,false
C:\ChatApplication\Ns_Abbani_Chat_App\app\src\main\java\com\example\nsabbani\services\repository\FirebaseLoginInstance.java,com.example.nsabbani.services.repository.FirebaseLoginInstance$Anonymous2,onComplete/1[com.example.nsabbani.services.repository.Task<java.lang.Void>],false,66,2,0,0,0,1,1,3,0,0,1,1,0,0,0,0,0,0,0,0,0,0,0,0,0,0,3,1,0,false
C:\ChatApplication\Ns_Abbani_Chat_App\app\src\main\java\com\example\nsabbani\view\adapters\UserFragmentAdapter.java,com.example.nsabbani.view.adapters.UserFragmentAdapter$UserFragmentHolder,UserFragmentHolder/1[com.example.nsabbani.view.adapters.View],true,116,2,1,1,0,1,1,6,0,0,1,1,0,0,0,0,0,0,0,0,3,0,0,0,0,0,13,0,0,false
C:\ChatApplication\Ns_Abbani_Chat_App\app\src\main\java\com\example\nsabbani\view\ui\HomeActivity.java,com.example.nsabbani.view.ui.HomeActivity,onPause/0,false,172,1,1,0,1,1,2,4,0,0,0,2,1,1,0,0,0,0,1,0,0,0,0,0,0,0,3,4,0,false
C:\ChatApplication\Ns_Abbani_Chat_App\app\src\main\java\com\example\nsabbani\view\ui\HomeActivity.java,com.example.nsabbani.view.ui.HomeActivity,fetchCurrentUserdata/0,false,73,2,2,1,1,1,2,25,0,0,0,2,0,0,0,0,0,0,0,0,0,0,0,1,0,0,20,2,0,false
C:\ChatApplication\Ns_Abbani_Chat_App\app\src\main\java\com\example\nsabbani\view\ui\HomeActivity.java,com.example.nsabbani.view.ui.HomeActivity,init/0,false,133,4,1,1,0,1,5,17,0,0,0,5,0,0,0,0,0,0,0,0,9,0,0,1,0,0,28,2,0,false
C:\ChatApplication\Ns_Abbani_Chat_App\app\src\main\java\com\example\nsabbani\view\ui\HomeActivity.java,com.example.nsabbani.view.ui.HomeActivity,onResume/0,false,166,1,1,0,1,1,2,4,0,0,0,2,1,1,0,0,0,0,1,0,0,0,0,0,0,0,3,4,0,false
C:\ChatApplication\Ns_Abbani_Chat_App\app\src\main\java\com\example\nsabbani\view\ui\HomeActivity.java,com.example.nsabbani.view.ui.HomeActivity,setupPagerFragment/0,false,60,4,6,1,5,1,4,8,0,0,0,4,0,0,0,0,0,0,3,0,1,0,0,0,0,0,12,2,0,false
C:\ChatApplication\Ns_Abbani_Chat_App\app\src\main\java\com\example\nsabbani\view\ui\HomeActivity.java,com.example.nsabbani.view.ui.HomeActivity,onCreate/1[com.example.nsabbani.view.ui.Bundle],false,50,2,4,0,4,1,6,8,0,0,1,6,4,1,0,0,0,0,0,0,0,0,0,0,0,0,19,4,0,false
C:\ChatApplication\Ns_Abbani_Chat_App\app\src\main\java\com\example\nsabbani\view\ui\HomeActivity.java,com.example.nsabbani.view.ui.HomeActivity,onOptionMenuClicked/0,false,112,1,1,1,0,1,2,16,0,0,0,2,0,0,0,0,0,0,0,0,0,0,0,1,0,0,15,1,0,false
C:\ChatApplication\Ns_Abbani_Chat_App\app\src\main\java\com\example\nsabbani\view\ui\HomeActivity.java,com.example.nsabbani.view.ui.HomeActivity,getUserAuthToSignOut/0,false,99,2,2,1,1,1,2,12,0,0,0,2,0,0,0,0,0,0,0,0,0,0,0,1,0,0,15,2,0,false
C:\ChatApplication\Ns_Abbani_Chat_App\app\src\main\java\com\example\nsabbani\view\ui\HomeActivity.java,com.example.nsabbani.view.ui.HomeActivity,status/1[java.lang.String],false,161,1,3,2,1,1,1,3,0,0,1,1,0,0,0,0,0,0,1,0,0,0,0,0,0,0,1,2,0,false
C:\ChatApplication\Ns_Abbani_Chat_App\app\src\main\java\com\example\nsabbani\view\ui\MessageActivity.java,com.example.nsabbani.view.ui.MessageActivity$Anonymous12,onClick/1[com.example.nsabbani.view.ui.View],false,318,3,4,0,4,1,4,6,0,1,1,4,0,0,0,0,0,0,0,0,1,0,0,0,0,0,12,1,0,false
C:\ChatApplication\Ns_Abbani_Chat_App\app\src\main\java\com\example\nsabbani\view\fragments\ChatFragment.java,com.example.nsabbani.view.fragments.ChatFragment,getTokens/0,false,59,2,1,1,0,1,3,9,0,0,0,3,0,0,0,0,0,0,0,0,0,0,0,1,0,0,12,1,0,false
C:\ChatApplication\Ns_Abbani_Chat_App\app\src\main\java\com\example\nsabbani\view\fragments\ChatFragment.java,com.example.nsabbani.view.fragments.ChatFragment,ChatFragment/1[com.example.nsabbani.view.fragments.Context],true,43,1,1,1,0,1,0,3,0,0,1,0,0,0,0,0,0,0,0,0,1,0,0,0,0,0,4,1,0,false
C:\ChatApplication\Ns_Abbani_Chat_App\app\src\main\java\com\example\nsabbani\view\fragments\ChatFragment.java,com.example.nsabbani.view.fragments.ChatFragment,fetchAllChat/0,false,70,2,3,1,2,1,3,22,0,0,0,3,0,0,0,0,0,0,0,0,0,0,0,2,0,0,19,2,0,false
C:\ChatApplication\Ns_Abbani_Chat_App\app\src\main\java\com\example\nsabbani\view\fragments\ChatFragment.java,com.example.nsabbani.view.fragments.ChatFragment,init/1[com.example.nsabbani.view.fragments.View],false,131,8,1,1,0,1,9,11,0,1,1,9,0,0,0,0,0,0,0,0,7,0,0,0,0,0,27,2,0,false
C:\ChatApplication\Ns_Abbani_Chat_App\app\src\main\java\com\example\nsabbani\view\fragments\ChatFragment.java,com.example.nsabbani.view.fragments.ChatFragment,updateToken/1[java.lang.String],false,126,1,2,1,1,1,1,3,0,0,1,1,0,0,0,0,0,0,0,0,0,0,0,0,0,0,3,2,0,false
C:\ChatApplication\Ns_Abbani_Chat_App\app\src\main\java\com\example\nsabbani\view\fragments\ChatFragment.java,com.example.nsabbani.view.fragments.ChatFragment,chatLists/0,false,97,2,2,1,1,1,2,26,0,0,0,2,0,0,0,0,0,0,0,0,0,0,0,1,0,0,18,2,0,false
C:\ChatApplication\Ns_Abbani_Chat_App\app\src\main\java\com\example\nsabbani\view\fragments\ChatFragment.java,com.example.nsabbani.view.fragments.ChatFragment,"onCreateView/3[com.example.nsabbani.view.fragments.LayoutInflater,com.example.nsabbani.view.fragments.ViewGroup,com.example.nsabbani.view.fragments.Bundle]",false,49,5,3,0,3,1,4,7,1,1,3,4,3,1,0,0,0,0,0,0,1,0,0,0,0,0,15,1,0,false
C:\ChatApplication\Ns_Abbani_Chat_App\app\src\main\java\com\example\nsabbani\services\notifications\Sender.java,com.example.nsabbani.services.notifications.Sender,"Sender/2[com.example.nsabbani.services.notifications.Data,java.lang.String]",true,7,1,1,1,0,1,0,4,0,0,2,0,0,0,0,0,0,0,0,0,2,0,0,0,0,0,4,1,0,false
C:\ChatApplication\Ns_Abbani_Chat_App\app\src\main\java\com\example\nsabbani\services\repository\FirebaseInstanceDatabase.java,com.example.nsabbani.services.repository.FirebaseInstanceDatabase$Anonymous9,onDataChange/1[com.example.nsabbani.services.repository.DataSnapshot],false,201,2,0,0,0,2,3,6,0,0,1,3,0,0,0,0,0,0,2,0,0,0,1,0,0,0,8,1,0,false
C:\ChatApplication\Ns_Abbani_Chat_App\app\src\main\java\com\example\nsabbani\services\repository\FirebaseInstanceDatabase.java,com.example.nsabbani.services.repository.FirebaseInstanceDatabase$Anonymous9,onCancelled/1[com.example.nsabbani.services.repository.DatabaseError],false,209,2,0,0,0,1,0,2,0,0,1,0,0,0,0,0,0,0,0,0,0,0,0,0,0,0,5,1,0,false
C:\ChatApplication\Ns_Abbani_Chat_App\app\src\main\java\com\example\nsabbani\view\fragments\BottomSheetProfileDetailUser.java,com.example.nsabbani.view.fragments.BottomSheetProfileDetailUser,"BottomSheetProfileDetailUser/4[java.lang.String,java.lang.String,java.lang.String,com.example.nsabbani.view.fragments.Context]",true,32,1,2,2,0,1,0,6,0,0,4,0,0,0,0,0,0,0,0,0,4,0,0,0,0,0,12,1,0,false
C:\ChatApplication\Ns_Abbani_Chat_App\app\src\main\java\com\example\nsabbani\view\fragments\BottomSheetProfileDetailUser.java,com.example.nsabbani.view.fragments.BottomSheetProfileDetailUser,"onCreateView/3[com.example.nsabbani.view.fragments.LayoutInflater,com.example.nsabbani.view.fragments.ViewGroup,com.example.nsabbani.view.fragments.Bundle]",false,48,7,2,0,2,1,7,7,1,1,3,7,2,1,0,0,0,0,0,0,1,0,0,0,0,0,16,1,0,false
C:\ChatApplication\Ns_Abbani_Chat_App\app\src\main\java\com\example\nsabbani\view\fragments\BottomSheetProfileDetailUser.java,com.example.nsabbani.view.fragments.BottomSheetProfileDetailUser,"setDetails/3[java.lang.String,java.lang.String,java.lang.String]",false,57,0,1,1,0,2,6,10,0,0,3,6,0,0,0,0,0,0,1,0,0,0,1,0,0,0,13,2,0,false
C:\ChatApplication\Ns_Abbani_Chat_App\app\src\main\java\com\example\nsabbani\view\fragments\BottomSheetProfileDetailUser.java,com.example.nsabbani.view.fragments.BottomSheetProfileDetailUser,onCreate/1[com.example.nsabbani.view.fragments.Bundle],false,41,2,0,0,0,1,2,4,0,0,1,2,0,0,0,0,0,0,0,0,0,0,0,0,0,0,8,1,0,false
C:\ChatApplication\Ns_Abbani_Chat_App\app\src\main\java\com\example\nsabbani\view\fragments\BottomSheetProfileDetailUser.java,com.example.nsabbani.view.fragments.BottomSheetProfileDetailUser,init/1[com.example.nsabbani.view.fragments.View],false,69,1,1,1,0,1,1,5,0,0,1,1,0,0,0,0,0,0,0,0,3,0,0,0,0,0,13,2,0,false
C:\ChatApplication\Ns_Abbani_Chat_App\app\src\main\java\com\example\nsabbani\services\repository\FirebaseInstanceDatabase.java,com.example.nsabbani.services.repository.FirebaseInstanceDatabase$Anonymous7,onFailure/1[java.lang.Exception],false,169,1,0,0,0,1,1,3,0,0,1,1,0,0,0,0,0,0,0,0,0,0,0,0,0,0,5,1,0,false
C:\ChatApplication\Ns_Abbani_Chat_App\app\src\main\java\com\example\nsabbani\services\notifications\Token.java,com.example.nsabbani.services.notifications.Token,Token/0,true,6,0,0,0,0,1,0,2,0,0,0,0,0,0,0,0,0,0,0,0,0,0,0,0,0,0,1,1,0,false
C:\ChatApplication\Ns_Abbani_Chat_App\app\src\main\java\com\example\nsabbani\services\notifications\Token.java,com.example.nsabbani.services.notifications.Token,getToken/0,false,14,0,1,1,0,1,0,3,1,0,0,0,0,0,0,0,0,0,0,0,0,0,0,0,0,0,3,1,0,false
C:\ChatApplication\Ns_Abbani_Chat_App\app\src\main\java\com\example\nsabbani\services\notifications\Token.java,com.example.nsabbani.services.notifications.Token,Token/1[java.lang.String],true,10,0,1,1,0,1,0,3,0,0,1,0,0,0,0,0,0,0,0,0,1,0,0,0,0,0,2,1,0,false
C:\ChatApplication\Ns_Abbani_Chat_App\app\src\main\java\com\example\nsabbani\services\notifications\Token.java,com.example.nsabbani.services.notifications.Token,setToken/1[java.lang.String],false,18,0,0,0,0,1,0,3,0,0,1,0,0,0,0,0,0,0,0,0,1,0,0,0,0,0,3,1,0,false
C:\ChatApplication\Ns_Abbani_Chat_App\app\src\main\java\com\example\nsabbani\services\repository\FirebaseInstanceDatabase.java,com.example.nsabbani.services.repository.FirebaseInstanceDatabase$Anonymous8,onDataChange/1[com.example.nsabbani.services.repository.DataSnapshot],false,182,2,0,0,0,2,3,6,0,0,1,3,0,0,0,0,0,0,2,0,0,0,1,0,0,0,8,1,0,false
C:\ChatApplication\Ns_Abbani_Chat_App\app\src\main\java\com\example\nsabbani\services\repository\FirebaseInstanceDatabase.java,com.example.nsabbani.services.repository.FirebaseInstanceDatabase$Anonymous8,onCancelled/1[com.example.nsabbani.services.repository.DatabaseError],false,190,2,0,0,0,1,0,2,0,0,1,0,0,0,0,0,0,0,0,0,0,0,0,0,0,0,5,1,0,false
C:\ChatApplication\Ns_Abbani_Chat_App\app\src\main\java\com\example\nsabbani\services\repository\FirebaseInstanceDatabase.java,com.example.nsabbani.services.repository.FirebaseInstanceDatabase$Anonymous5,onDataChange/1[com.example.nsabbani.services.repository.DataSnapshot],false,140,2,0,0,0,1,1,3,0,0,1,1,0,0,0,0,0,0,0,0,0,0,0,0,0,0,5,1,0,false
C:\ChatApplication\Ns_Abbani_Chat_App\app\src\main\java\com\example\nsabbani\services\repository\FirebaseInstanceDatabase.java,com.example.nsabbani.services.repository.FirebaseInstanceDatabase$Anonymous5,onCancelled/1[com.example.nsabbani.services.repository.DatabaseError],false,145,2,0,0,0,1,0,2,0,0,1,0,0,0,0,0,0,0,0,0,0,0,0,0,0,0,5,1,0,false
C:\ChatApplication\Ns_Abbani_Chat_App\app\src\main\java\com\example\nsabbani\services\repository\FirebaseInstanceDatabase.java,com.example.nsabbani.services.repository.FirebaseInstanceDatabase$Anonymous6,onComplete/1[com.example.nsabbani.services.repository.Task<java.lang.Void>],false,164,2,0,0,0,1,1,3,0,0,1,1,0,0,0,0,0,0,0,0,0,0,0,0,0,0,4,1,0,false
C:\ChatApplication\Ns_Abbani_Chat_App\app\src\main\java\com\example\nsabbani\services\repository\FirebaseInstanceDatabase.java,com.example.nsabbani.services.repository.FirebaseInstanceDatabase$Anonymous3,onCancelled/1[com.example.nsabbani.services.repository.DatabaseError],false,105,2,0,0,0,1,0,2,0,0,1,0,0,0,0,0,0,0,0,0,0,0,0,0,0,0,5,1,0,false
C:\ChatApplication\Ns_Abbani_Chat_App\app\src\main\java\com\example\nsabbani\services\repository\FirebaseInstanceDatabase.java,com.example.nsabbani.services.repository.FirebaseInstanceDatabase$Anonymous3,onDataChange/1[com.example.nsabbani.services.repository.DataSnapshot],false,100,2,0,0,0,1,1,3,0,0,1,1,0,0,0,0,0,0,0,0,0,0,0,0,0,0,5,1,0,false
C:\ChatApplication\Ns_Abbani_Chat_App\app\src\main\java\com\example\nsabbani\services\repository\FirebaseInstanceDatabase.java,com.example.nsabbani.services.repository.FirebaseInstanceDatabase$Anonymous4,onDataChange/1[com.example.nsabbani.services.repository.DataSnapshot],false,122,2,0,0,0,1,1,3,0,0,1,1,0,0,0,0,0,0,0,0,0,0,0,0,0,0,5,1,0,false
C:\ChatApplication\Ns_Abbani_Chat_App\app\src\main\java\com\example\nsabbani\services\repository\FirebaseInstanceDatabase.java,com.example.nsabbani.services.repository.FirebaseInstanceDatabase$Anonymous4,onCancelled/1[com.example.nsabbani.services.repository.DatabaseError],false,127,2,0,0,0,1,0,2,0,0,1,0,0,0,0,0,0,0,0,0,0,0,0,0,0,0,5,1,0,false
C:\ChatApplication\Ns_Abbani_Chat_App\app\src\main\java\com\example\nsabbani\services\repository\FirebaseInstanceDatabase.java,com.example.nsabbani.services.repository.FirebaseInstanceDatabase$Anonymous1,onDataChange/1[com.example.nsabbani.services.repository.DataSnapshot],false,40,2,0,0,0,1,1,3,0,0,1,1,0,0,0,0,0,0,0,0,0,0,0,0,0,0,5,1,0,false
C:\ChatApplication\Ns_Abbani_Chat_App\app\src\main\java\com\example\nsabbani\services\repository\FirebaseInstanceDatabase.java,com.example.nsabbani.services.repository.FirebaseInstanceDatabase$Anonymous1,onCancelled/1[com.example.nsabbani.services.repository.DatabaseError],false,45,2,0,0,0,1,0,2,0,0,1,0,0,0,0,0,0,0,0,0,0,0,0,0,0,0,5,1,0,false
C:\ChatApplication\Ns_Abbani_Chat_App\app\src\main\java\com\example\nsabbani\services\repository\FirebaseInstanceDatabase.java,com.example.nsabbani.services.repository.FirebaseInstanceDatabase$Anonymous2,onCancelled/1[com.example.nsabbani.services.repository.DatabaseError],false,78,2,0,0,0,1,0,2,0,0,1,0,0,0,0,0,0,0,0,0,0,0,0,0,0,0,5,1,0,false
C:\ChatApplication\Ns_Abbani_Chat_App\app\src\main\java\com\example\nsabbani\services\repository\FirebaseInstanceDatabase.java,com.example.nsabbani.services.repository.FirebaseInstanceDatabase$Anonymous2,onDataChange/1[com.example.nsabbani.services.repository.DataSnapshot],false,73,2,0,0,0,1,1,3,0,0,1,1,0,0,0,0,0,0,0,0,0,0,0,0,0,0,5,1,0,false
C:\ChatApplication\Ns_Abbani_Chat_App\app\src\main\java\com\example\nsabbani\view\fragments\APIService.java,com.example.nsabbani.view.fragments.APIService,sendNotification/1[com.example.nsabbani.services.notifications.Sender],false,12,6,1,1,0,1,0,1,0,0,1,0,0,0,0,0,0,0,3,0,0,0,0,0,0,0,42,0,0,false
C:\ChatApplication\Ns_Abbani_Chat_App\app\src\main\java\com\example\nsabbani\view\ui\HomeActivity.java,com.example.nsabbani.view.ui.HomeActivity$Anonymous3,onMenuItemClick/1[com.example.nsabbani.view.ui.MenuItem],false,116,2,1,0,1,2,4,10,2,0,1,4,0,0,0,1,0,0,1,0,0,0,1,0,0,0,13,1,0,false
C:\ChatApplication\Ns_Abbani_Chat_App\app\src\main\java\com\example\nsabbani\view\ui\HomeActivity.java,com.example.nsabbani.view.ui.HomeActivity$Anonymous4,onClick/1[com.example.nsabbani.view.ui.View],false,154,1,4,0,4,1,1,3,0,0,1,1,0,0,0,0,0,0,0,1,0,0,0,0,0,0,4,1,0,false
C:\ChatApplication\Ns_Abbani_Chat_App\app\src\main\java\com\example\nsabbani\view\ui\HomeActivity.java,com.example.nsabbani.view.ui.HomeActivity$Anonymous1,onChanged/1[com.example.nsabbani.view.ui.DataSnapshot],false,77,2,11,0,11,3,13,19,0,1,1,13,0,0,0,1,0,0,2,0,3,0,2,0,0,0,17,1,0,false
C:\ChatApplication\Ns_Abbani_Chat_App\app\src\main\java\com\example\nsabbani\view\ui\HomeActivity.java,com.example.nsabbani.view.ui.HomeActivity$Anonymous2,onChanged/1[com.example.nsabbani.view.ui.FirebaseAuth],false,103,3,0,0,0,1,3,6,0,1,1,3,0,0,0,0,0,0,0,0,1,0,0,0,0,0,10,1,0,false
C:\ChatApplication\Ns_Abbani_Chat_App\app\src\main\java\com\example\nsabbani\view\fragments\ProfileFragment.java,com.example.nsabbani.view.fragments.ProfileFragment,"onCreateView/3[com.example.nsabbani.view.fragments.LayoutInflater,com.example.nsabbani.view.fragments.ViewGroup,com.example.nsabbani.view.fragments.Bundle]",false,75,5,2,0,2,1,3,6,1,1,3,3,2,1,0,0,0,0,0,0,1,0,0,0,0,0,13,1,0,false
C:\ChatApplication\Ns_Abbani_Chat_App\app\src\main\java\com\example\nsabbani\view\fragments\ProfileFragment.java,com.example.nsabbani.view.fragments.ProfileFragment,ProfileFragment/1[com.example.nsabbani.view.fragments.Context],true,68,1,1,1,0,1,0,3,0,0,1,0,0,0,0,0,0,0,0,0,1,0,0,0,0,0,4,1,0,false
C:\ChatApplication\Ns_Abbani_Chat_App\app\src\main\java\com\example\nsabbani\view\fragments\ProfileFragment.java,com.example.nsabbani.view.fragments.ProfileFragment,init/1[com.example.nsabbani.view.fragments.View],false,202,3,1,1,0,1,7,34,0,0,1,7,0,0,0,0,0,0,0,0,6,0,0,4,0,0,34,2,0,false
C:\ChatApplication\Ns_Abbani_Chat_App\app\src\main\java\com\example\nsabbani\view\fragments\ProfileFragment.java,com.example.nsabbani.view.fragments.ProfileFragment,openImage/0,false,107,1,1,1,0,1,3,6,0,1,0,3,0,0,0,0,0,0,1,0,1,0,0,0,0,0,8,2,0,false
C:\ChatApplication\Ns_Abbani_Chat_App\app\src\main\java\com\example\nsabbani\view\fragments\ProfileFragment.java,com.example.nsabbani.view.fragments.ProfileFragment,openBottomSheet/1[java.lang.Boolean],false,195,1,2,1,1,2,2,5,0,1,1,2,0,0,0,1,0,0,1,0,1,0,0,0,0,0,15,2,0,false
C:\ChatApplication\Ns_Abbani_Chat_App\app\src\main\java\com\example\nsabbani\view\fragments\ProfileFragment.java,com.example.nsabbani.view.fragments.ProfileFragment,"onActivityResult/3[int,int,com.example.nsabbani.view.fragments.Intent]",false,169,4,1,0,1,8,13,23,0,2,3,13,1,1,0,6,1,0,1,1,5,0,2,0,0,0,40,1,0,false
C:\ChatApplication\Ns_Abbani_Chat_App\app\src\main\java\com\example\nsabbani\view\fragments\ProfileFragment.java,com.example.nsabbani.view.fragments.ProfileFragment,uploadImage/0,false,115,3,2,1,1,2,7,49,0,2,0,7,0,0,0,1,0,0,2,0,3,0,1,1,0,0,34,2,0,false
C:\ChatApplication\Ns_Abbani_Chat_App\app\src\main\java\com\example\nsabbani\view\fragments\ProfileFragment.java,com.example.nsabbani.view.fragments.ProfileFragment,fetchCurrentUserdata/0,false,82,2,2,1,1,1,2,25,0,0,0,2,0,0,0,0,0,0,0,0,0,0,0,1,0,0,21,2,0,false
C:\ChatApplication\Ns_Abbani_Chat_App\app\src\main\java\com\example\nsabbani\services\notifications\Data.java,com.example.nsabbani.services.notifications.Data,getUser/0,false,22,0,0,0,0,1,0,3,1,0,0,0,0,0,0,0,0,0,0,0,0,0,0,0,0,0,3,1,0,false
C:\ChatApplication\Ns_Abbani_Chat_App\app\src\main\java\com\example\nsabbani\services\notifications\Data.java,com.example.nsabbani.services.notifications.Data,setBody/1[java.lang.String],false,42,0,0,0,0,1,0,3,0,0,1,0,0,0,0,0,0,0,0,0,1,0,0,0,0,0,3,1,0,false
C:\ChatApplication\Ns_Abbani_Chat_App\app\src\main\java\com\example\nsabbani\services\notifications\Data.java,com.example.nsabbani.services.notifications.Data,setIcon/1[java.lang.String],false,34,0,0,0,0,1,0,3,0,0,1,0,0,0,0,0,0,0,0,0,1,0,0,0,0,0,3,1,0,false
C:\ChatApplication\Ns_Abbani_Chat_App\app\src\main\java\com\example\nsabbani\services\notifications\Data.java,com.example.nsabbani.services.notifications.Data,getIcon/0,false,30,0,0,0,0,1,0,3,1,0,0,0,0,0,0,0,0,0,0,0,0,0,0,0,0,0,3,1,0,false
C:\ChatApplication\Ns_Abbani_Chat_App\app\src\main\java\com\example\nsabbani\services\notifications\Data.java,com.example.nsabbani.services.notifications.Data,setSent/1[java.lang.String],false,58,0,0,0,0,1,0,3,0,0,1,0,0,0,0,0,0,0,0,0,1,0,0,0,0,0,3,1,0,false
C:\ChatApplication\Ns_Abbani_Chat_App\app\src\main\java\com\example\nsabbani\services\notifications\Data.java,com.example.nsabbani.services.notifications.Data,setTitle/1[java.lang.String],false,50,0,0,0,0,1,0,3,0,0,1,0,0,0,0,0,0,0,0,0,1,0,0,0,0,0,3,1,0,false
C:\ChatApplication\Ns_Abbani_Chat_App\app\src\main\java\com\example\nsabbani\services\notifications\Data.java,com.example.nsabbani.services.notifications.Data,"Data/5[java.lang.String,java.lang.String,java.lang.String,java.lang.String,java.lang.String]",true,14,0,1,1,0,1,0,7,0,0,5,0,0,0,0,0,0,0,0,0,5,0,0,0,0,0,6,1,0,false
C:\ChatApplication\Ns_Abbani_Chat_App\app\src\main\java\com\example\nsabbani\services\notifications\Data.java,com.example.nsabbani.services.notifications.Data,getBody/0,false,38,0,0,0,0,1,0,3,1,0,0,0,0,0,0,0,0,0,0,0,0,0,0,0,0,0,3,1,0,false
C:\ChatApplication\Ns_Abbani_Chat_App\app\src\main\java\com\example\nsabbani\services\notifications\Data.java,com.example.nsabbani.services.notifications.Data,Data/0,true,10,0,0,0,0,1,0,2,0,0,0,0,0,0,0,0,0,0,0,0,0,0,0,0,0,0,1,1,0,false
C:\ChatApplication\Ns_Abbani_Chat_App\app\src\main\java\com\example\nsabbani\services\notifications\Data.java,com.example.nsabbani.services.notifications.Data,setUser/1[java.lang.String],false,26,0,0,0,0,1,0,3,0,0,1,0,0,0,0,0,0,0,0,0,1,0,0,0,0,0,3,1,0,false
C:\ChatApplication\Ns_Abbani_Chat_App\app\src\main\java\com\example\nsabbani\services\notifications\Data.java,com.example.nsabbani.services.notifications.Data,getSent/0,false,54,0,0,0,0,1,0,3,1,0,0,0,0,0,0,0,0,0,0,0,0,0,0,0,0,0,3,1,0,false
C:\ChatApplication\Ns_Abbani_Chat_App\app\src\main\java\com\example\nsabbani\services\notifications\Data.java,com.example.nsabbani.services.notifications.Data,getTitle/0,false,46,0,0,0,0,1,0,3,1,0,0,0,0,0,0,0,0,0,0,0,0,0,0,0,0,0,3,1,0,false
C:\ChatApplication\Ns_Abbani_Chat_App\app\src\main\java\com\example\nsabbani\services\repository\FirebaseSignUpInstance.java,com.example.nsabbani.services.repository.FirebaseSignUpInstance$Anonymous1,onComplete/1[com.example.nsabbani.services.repository.Task<com.example.nsabbani.services.repository.AuthResult>],false,23,2,0,0,0,1,2,5,0,0,1,2,0,0,0,0,0,0,0,0,1,0,0,0,0,0,5,1,0,false
C:\ChatApplication\Ns_Abbani_Chat_App\app\src\main\java\com\example\nsabbani\services\model\ChatList.java,com.example.nsabbani.services.model.ChatList,setTimestamp/1[java.lang.String],false,29,0,0,0,0,1,0,3,0,0,1,0,0,0,0,0,0,0,0,0,1,0,0,0,0,0,3,1,0,false
C:\ChatApplication\Ns_Abbani_Chat_App\app\src\main\java\com\example\nsabbani\services\model\ChatList.java,com.example.nsabbani.services.model.ChatList,getId/0,false,17,0,1,1,0,1,0,3,1,0,0,0,0,0,0,0,0,0,0,0,0,0,0,0,0,0,3,1,0,false
C:\ChatApplication\Ns_Abbani_Chat_App\app\src\main\java\com\example\nsabbani\services\model\ChatList.java,com.example.nsabbani.services.model.ChatList,ChatList/0,true,8,0,0,0,0,1,0,2,0,0,0,0,0,0,0,0,0,0,0,0,0,0,0,0,0,0,2,1,0,false
C:\ChatApplication\Ns_Abbani_Chat_App\app\src\main\java\com\example\nsabbani\services\model\ChatList.java,com.example.nsabbani.services.model.ChatList,setId/1[java.lang.String],false,21,0,0,0,0,1,0,3,0,0,1,0,0,0,0,0,0,0,0,0,1,0,0,0,0,0,3,1,0,false
C:\ChatApplication\Ns_Abbani_Chat_App\app\src\main\java\com\example\nsabbani\services\model\ChatList.java,com.example.nsabbani.services.model.ChatList,getTimestamp/0,false,25,0,0,0,0,1,0,3,1,0,0,0,0,0,0,0,0,0,0,0,0,0,0,0,0,0,3,1,0,false
C:\ChatApplication\Ns_Abbani_Chat_App\app\src\main\java\com\example\nsabbani\services\model\ChatList.java,com.example.nsabbani.services.model.ChatList,"ChatList/2[java.lang.String,java.lang.String]",true,12,0,0,0,0,1,0,4,0,0,2,0,0,0,0,0,0,0,0,0,2,0,0,0,0,0,4,1,0,false
C:\ChatApplication\Ns_Abbani_Chat_App\app\src\main\java\com\example\nsabbani\view\adapters\UserFragmentAdapter.java,com.example.nsabbani.view.adapters.UserFragmentAdapter,"UserFragmentAdapter/3[java.util.ArrayList<com.example.nsabbani.services.model.Users>,com.example.nsabbani.view.adapters.Context,java.lang.Boolean]",true,34,2,1,1,0,1,0,5,0,0,3,0,0,0,0,0,0,0,0,0,3,0,0,0,0,0,9,1,0,false
C:\ChatApplication\Ns_Abbani_Chat_App\app\src\main\java\com\example\nsabbani\view\adapters\UserFragmentAdapter.java,com.example.nsabbani.view.adapters.UserFragmentAdapter,isNetworkConnected/0,false,106,0,1,1,0,2,3,4,1,1,0,3,0,0,0,1,0,0,1,1,1,0,0,0,0,0,8,1,0,false
C:\ChatApplication\Ns_Abbani_Chat_App\app\src\main\java\com\example\nsabbani\view\adapters\UserFragmentAdapter.java,com.example.nsabbani.view.adapters.UserFragmentAdapter,getItemCount/0,false,101,0,0,0,0,1,1,3,1,0,0,1,0,0,0,0,0,0,0,0,0,0,0,0,0,0,3,1,0,false
C:\ChatApplication\Ns_Abbani_Chat_App\app\src\main\java\com\example\nsabbani\view\adapters\UserFragmentAdapter.java,com.example.nsabbani.view.adapters.UserFragmentAdapter,"onCreateViewHolder/2[com.example.nsabbani.view.adapters.ViewGroup,int]",false,42,5,1,0,1,1,2,5,1,2,2,2,0,0,0,0,0,0,0,0,2,0,0,0,0,0,13,1,0,false
C:\ChatApplication\Ns_Abbani_Chat_App\app\src\main\java\com\example\nsabbani\view\adapters\UserFragmentAdapter.java,com.example.nsabbani.view.adapters.UserFragmentAdapter,"onBindViewHolder/2[com.example.nsabbani.view.adapters.UserFragmentAdapter.UserFragmentHolder,int]",false,50,5,5,0,5,6,17,46,0,5,2,17,1,1,0,0,1,0,2,0,5,0,3,2,0,0,39,1,0,false
C:\ChatApplication\Ns_Abbani_Chat_App\app\src\main\java\com\example\nsabbani\services\model\Users.java,com.example.nsabbani.services.model.Users,setTimestamp/1[java.lang.String],false,45,0,0,0,0,1,0,3,0,0,1,0,0,0,0,0,0,0,0,0,1,0,0,0,0,0,3,1,0,false
C:\ChatApplication\Ns_Abbani_Chat_App\app\src\main\java\com\example\nsabbani\services\model\Users.java,com.example.nsabbani.services.model.Users,setStatus/1[java.lang.String],false,69,0,0,0,0,1,0,3,0,0,1,0,0,0,0,0,0,0,0,0,1,0,0,0,0,0,3,1,0,false
C:\ChatApplication\Ns_Abbani_Chat_App\app\src\main\java\com\example\nsabbani\services\model\Users.java,com.example.nsabbani.services.model.Users,Users/0,true,87,0,0,0,0,1,0,2,0,0,0,0,0,0,0,0,0,0,0,0,0,0,0,0,0,0,1,1,0,false
C:\ChatApplication\Ns_Abbani_Chat_App\app\src\main\java\com\example\nsabbani\services\model\Users.java,com.example.nsabbani.services.model.Users,getBio/0,false,57,0,3,3,0,1,0,3,1,0,0,0,0,0,0,0,0,0,0,0,0,0,0,0,0,0,3,1,0,false
C:\ChatApplication\Ns_Abbani_Chat_App\app\src\main\java\com\example\nsabbani\services\model\Users.java,com.example.nsabbani.services.model.Users,getUsername/0,false,25,0,3,3,0,1,0,3,1,0,0,0,0,0,0,0,0,0,0,0,0,0,0,0,0,0,3,1,0,false
C:\ChatApplication\Ns_Abbani_Chat_App\app\src\main\java\com\example\nsabbani\services\model\Users.java,com.example.nsabbani.services.model.Users,"Users/7[java.lang.String,java.lang.String,java.lang.String,java.lang.String,java.lang.String,java.lang.String,java.lang.String]",true,7,0,0,0,0,1,0,9,0,0,7,0,0,0,0,0,0,0,0,0,7,0,0,0,0,0,10,1,0,false
C:\ChatApplication\Ns_Abbani_Chat_App\app\src\main\java\com\example\nsabbani\services\model\Users.java,com.example.nsabbani.services.model.Users,setEmailId/1[java.lang.String],false,37,0,0,0,0,1,0,3,0,0,1,0,0,0,0,0,0,0,0,0,1,0,0,0,0,0,4,1,0,false
C:\ChatApplication\Ns_Abbani_Chat_App\app\src\main\java\com\example\nsabbani\services\model\Users.java,com.example.nsabbani.services.model.Users,getImageUrl/0,false,49,0,3,3,0,1,0,3,1,0,0,0,0,0,0,0,0,0,0,0,0,0,0,0,0,0,4,1,0,false
C:\ChatApplication\Ns_Abbani_Chat_App\app\src\main\java\com\example\nsabbani\services\model\Users.java,com.example.nsabbani.services.model.Users,setImageUrl/1[java.lang.String],false,53,0,0,0,0,1,0,3,0,0,1,0,0,0,0,0,0,0,0,0,1,0,0,0,0,0,4,1,0,false
C:\ChatApplication\Ns_Abbani_Chat_App\app\src\main\java\com\example\nsabbani\services\model\Users.java,com.example.nsabbani.services.model.Users,getId/0,false,17,0,2,2,0,1,0,3,1,0,0,0,0,0,0,0,0,0,0,0,0,0,0,0,0,0,3,1,0,false
C:\ChatApplication\Ns_Abbani_Chat_App\app\src\main\java\com\example\nsabbani\services\model\Users.java,com.example.nsabbani.services.model.Users,setUsername/1[java.lang.String],false,29,0,0,0,0,1,0,3,0,0,1,0,0,0,0,0,0,0,0,0,1,0,0,0,0,0,3,1,0,false
C:\ChatApplication\Ns_Abbani_Chat_App\app\src\main\java\com\example\nsabbani\services\model\Users.java,com.example.nsabbani.services.model.Users,setId/1[java.lang.String],false,21,0,0,0,0,1,0,3,0,0,1,0,0,0,0,0,0,0,0,0,1,0,0,0,0,0,3,1,0,false
C:\ChatApplication\Ns_Abbani_Chat_App\app\src\main\java\com\example\nsabbani\services\model\Users.java,com.example.nsabbani.services.model.Users,setBio/1[java.lang.String],false,61,0,0,0,0,1,0,3,0,0,1,0,0,0,0,0,0,0,0,0,1,0,0,0,0,0,3,1,0,false
C:\ChatApplication\Ns_Abbani_Chat_App\app\src\main\java\com\example\nsabbani\services\model\Users.java,com.example.nsabbani.services.model.Users,getEmailId/0,false,33,0,1,1,0,1,0,3,1,0,0,0,0,0,0,0,0,0,0,0,0,0,0,0,0,0,4,1,0,false
C:\ChatApplication\Ns_Abbani_Chat_App\app\src\main\java\com\example\nsabbani\services\model\Users.java,com.example.nsabbani.services.model.Users,getTimestamp/0,false,41,0,0,0,0,1,0,3,1,0,0,0,0,0,0,0,0,0,0,0,0,0,0,0,0,0,3,1,0,false
C:\ChatApplication\Ns_Abbani_Chat_App\app\src\main\java\com\example\nsabbani\services\model\Users.java,com.example.nsabbani.services.model.Users,getStatus/0,false,65,0,2,2,0,1,0,3,1,0,0,0,0,0,0,0,0,0,0,0,0,0,0,0,0,0,3,1,0,false
C:\ChatApplication\Ns_Abbani_Chat_App\app\src\main\java\com\example\nsabbani\view\ui\MessageActivity.java,com.example.nsabbani.view.ui.MessageActivity,"openBottomSheetDetailFragment/3[java.lang.String,java.lang.String,java.lang.String]",false,118,1,2,1,1,2,3,5,0,0,3,3,0,0,0,1,0,0,1,0,1,0,0,0,0,0,16,2,0,false
C:\ChatApplication\Ns_Abbani_Chat_App\app\src\main\java\com\example\nsabbani\view\ui\MessageActivity.java,com.example.nsabbani.view.ui.MessageActivity,currentUser/1[java.lang.String],false,340,1,2,2,0,1,4,5,0,1,1,4,0,0,0,0,0,0,2,0,1,0,0,0,0,0,7,2,0,false
C:\ChatApplication\Ns_Abbani_Chat_App\app\src\main\java\com\example\nsabbani\view\ui\MessageActivity.java,com.example.nsabbani.view.ui.MessageActivity,"sendNotification/3[java.lang.String,java.lang.String,java.lang.String]",false,254,2,2,1,1,1,2,34,0,0,3,2,0,0,0,0,0,0,0,0,0,0,0,1,0,0,34,2,0,false
C:\ChatApplication\Ns_Abbani_Chat_App\app\src\main\java\com\example\nsabbani\view\ui\MessageActivity.java,com.example.nsabbani.view.ui.MessageActivity,onResume/0,false,352,1,2,0,2,1,3,5,0,0,0,3,2,1,0,0,0,0,1,0,0,0,0,0,0,0,11,4,0,false
C:\ChatApplication\Ns_Abbani_Chat_App\app\src\main\java\com\example\nsabbani\view\ui\MessageActivity.java,com.example.nsabbani.view.ui.MessageActivity,addIsSeen/0,false,176,2,2,1,1,1,2,16,0,1,0,2,0,0,0,0,0,0,1,0,1,0,0,1,0,0,18,1,0,false
C:\ChatApplication\Ns_Abbani_Chat_App\app\src\main\java\com\example\nsabbani\view\ui\MessageActivity.java,com.example.nsabbani.view.ui.MessageActivity,onCreate/1[com.example.nsabbani.view.ui.Bundle],false,82,3,3,0,3,1,8,28,0,0,1,8,3,2,0,0,0,0,1,0,1,0,0,2,0,0,39,4,0,false
C:\ChatApplication\Ns_Abbani_Chat_App\app\src\main\java\com\example\nsabbani\view\ui\MessageActivity.java,com.example.nsabbani.view.ui.MessageActivity,fetchAndSaveCurrentProfileTextAndData/0,false,137,3,3,1,2,2,5,37,0,0,0,5,1,1,0,1,0,0,1,0,1,0,1,1,0,0,47,2,0,false
C:\ChatApplication\Ns_Abbani_Chat_App\app\src\main\java\com\example\nsabbani\view\ui\MessageActivity.java,com.example.nsabbani.view.ui.MessageActivity,addChatInDataBase/0,false,222,2,3,1,2,1,5,28,0,2,0,5,0,0,0,0,0,0,0,0,3,0,0,2,0,0,26,2,0,false
C:\ChatApplication\Ns_Abbani_Chat_App\app\src\main\java\com\example\nsabbani\view\ui\MessageActivity.java,com.example.nsabbani.view.ui.MessageActivity,"fetchChatFromDatabase/2[java.lang.String,java.lang.String]",false,201,2,2,1,1,1,2,18,0,0,2,2,0,0,0,0,0,0,0,0,0,0,0,1,0,0,20,2,0,false
C:\ChatApplication\Ns_Abbani_Chat_App\app\src\main\java\com\example\nsabbani\view\ui\MessageActivity.java,com.example.nsabbani.view.ui.MessageActivity,onPause/0,false,359,1,2,0,2,1,3,5,0,0,0,3,2,1,0,0,0,0,2,0,0,0,0,0,0,0,8,4,0,false
C:\ChatApplication\Ns_Abbani_Chat_App\app\src\main\java\com\example\nsabbani\view\ui\MessageActivity.java,com.example.nsabbani.view.ui.MessageActivity,getCurrentFirebaseUser/0,false,124,2,2,1,1,1,2,10,0,0,0,2,0,0,0,0,0,0,0,0,0,0,0,1,0,0,11,2,0,false
C:\ChatApplication\Ns_Abbani_Chat_App\app\src\main\java\com\example\nsabbani\view\ui\MessageActivity.java,com.example.nsabbani.view.ui.MessageActivity,isNetworkConnected/0,false,196,0,1,1,0,2,3,4,1,1,0,3,0,0,0,1,0,0,1,1,1,0,0,0,0,0,8,1,0,false
C:\ChatApplication\Ns_Abbani_Chat_App\app\src\main\java\com\example\nsabbani\view\ui\MessageActivity.java,com.example.nsabbani.view.ui.MessageActivity,init/0,false,301,8,2,1,1,1,9,26,0,1,0,9,0,0,0,0,0,0,1,0,13,0,0,1,0,0,49,2,0,false
C:\ChatApplication\Ns_Abbani_Chat_App\app\src\main\java\com\example\nsabbani\view\ui\MessageActivity.java,com.example.nsabbani.view.ui.MessageActivity,addStatusInDatabase/1[java.lang.String],false,347,1,3,2,1,1,1,3,0,0,1,1,0,0,0,0,0,0,1,0,0,0,0,0,0,0,5,2,0,false
